"image.src","image.text","name.href","name.text","index","url"
"http://static.rada.gov.ua/dep_img5/but74.jpg","","http://itd.rada.gov.ua/mps/info/expage/2524/6","Абдуллін Олександр Рафкатович","1","http://w1.c1.rada.gov.ua/pls/site2/fetch_mps?skl_id=6"
"http://static.rada.gov.ua/dep_img5/reg12.jpg","","http://itd.rada.gov.ua/mps/info/expage/805/6","Азаров Микола Янович","2","http://w1.c1.rada.gov.ua/pls/site2/fetch_mps?skl_id=6"
"http://static.rada.gov.ua/dep_img5/kpu17.jpg","","http://itd.rada.gov.ua/mps/info/expage/2110/6","Александровська Алла Олександрівна","3","http://w1.c1.rada.gov.ua/pls/site2/fetch_mps?skl_id=6"
"http://static.rada.gov.ua/dep_img5/kpu14.jpg","","http://itd.rada.gov.ua/mps/info/expage/5457/6","Алексєєв Ігор Вікторович","4","http://w1.c1.rada.gov.ua/pls/site2/fetch_mps?skl_id=6"
"http://static.rada.gov.ua/dep_img5/reg179.jpg","","http://itd.rada.gov.ua/mps/info/expage/8688/6","Андрос Сергій Олександрович","5","http://w1.c1.rada.gov.ua/pls/site2/fetch_mps?skl_id=6"
"http://static.rada.gov.ua/dep_img5/reg122.jpg","","http://itd.rada.gov.ua/mps/info/expage/8716/6","Антемюк Анатолій Дмитрович","6","http://w1.c1.rada.gov.ua/pls/site2/fetch_mps?skl_id=6"
"http://static.rada.gov.ua/dep_img5/reg126.jpg","","http://itd.rada.gov.ua/mps/info/expage/3148/6","Антипенко Ірина Вікторівна","7","http://w1.c1.rada.gov.ua/pls/site2/fetch_mps?skl_id=6"
"http://static.rada.gov.ua/dep_img5/but32.jpg","","http://itd.rada.gov.ua/mps/info/expage/8689/6","Антіпов Олег Миколайович","8","http://w1.c1.rada.gov.ua/pls/site2/fetch_mps?skl_id=6"
"http://static.rada.gov.ua/dep_img5/nu56.jpg","","http://itd.rada.gov.ua/mps/info/expage/8717/6","Аржевітін Станіслав Михайлович","9","http://w1.c1.rada.gov.ua/pls/site2/fetch_mps?skl_id=6"
"http://static.rada.gov.ua/dep_img5/reg72.jpg","","http://itd.rada.gov.ua/mps/info/expage/8718/6","Аркаллаєв Нуруліслам Гаджиєвич","10","http://w1.c1.rada.gov.ua/pls/site2/fetch_mps?skl_id=6"
"http://static.rada.gov.ua/dep_img5/nu55.jpg","","http://itd.rada.gov.ua/mps/info/expage/5556/6","Артеменко Юрій Анатолійович","11","http://w1.c1.rada.gov.ua/pls/site2/fetch_mps?skl_id=6"
"http://static.rada.gov.ua/dep_img5/reg7.jpg","","http://itd.rada.gov.ua/mps/info/expage/8719/6","Ахметов Рінат Леонідович","12","http://w1.c1.rada.gov.ua/pls/site2/fetch_mps?skl_id=6"
"http://static.rada.gov.ua/dep_img5/kpu21.jpg","","http://itd.rada.gov.ua/mps/info/expage/2337/6","Бабурін Олексій Васильович","13","http://w1.c1.rada.gov.ua/pls/site2/fetch_mps?skl_id=6"
"http://static.rada.gov.ua/dep_img5/but45.jpg","","http://itd.rada.gov.ua/mps/info/expage/5424/6","Баграєв Микола Георгійович","14","http://w1.c1.rada.gov.ua/pls/site2/fetch_mps?skl_id=6"
"http://static.rada.gov.ua/dep_img5/spu20.jpg","","http://itd.rada.gov.ua/mps/info/expage/4270/6","Баранівський Олександр Петрович","15","http://w1.c1.rada.gov.ua/pls/site2/fetch_mps?skl_id=6"
"http://static.rada.gov.ua/dep_img5/reg33.jpg","","http://itd.rada.gov.ua/mps/info/expage/5520/6","Бахтеєва Тетяна Дмитрівна","16","http://w1.c1.rada.gov.ua/pls/site2/fetch_mps?skl_id=6"
"http://static.rada.gov.ua/dep_img5/reg60.jpg","","http://itd.rada.gov.ua/mps/info/expage/8720/6","Бевзенко Валерій Федорович","17","http://w1.c1.rada.gov.ua/pls/site2/fetch_mps?skl_id=6"
"http://static.rada.gov.ua/dep_img5/nu23.jpg","","http://itd.rada.gov.ua/mps/info/expage/665/6","Безсмертний Роман Петрович","18","http://w1.c1.rada.gov.ua/pls/site2/fetch_mps?skl_id=6"
"http://static.rada.gov.ua/dep_img5/reg155.jpg","","http://itd.rada.gov.ua/mps/info/expage/8721/6","Берташ Василь Михайлович","19","http://w1.c1.rada.gov.ua/pls/site2/fetch_mps?skl_id=6"
"http://static.rada.gov.ua/dep_img5/nu15.jpg","","http://itd.rada.gov.ua/mps/info/expage/2174/6","Беспалий Борис Якович","20","http://w1.c1.rada.gov.ua/pls/site2/fetch_mps?skl_id=6"
"http://static.rada.gov.ua/dep_img5/nu83.jpg","","http://itd.rada.gov.ua/mps/info/expage/5508/6","Бичков Сергій Анатолійович","21","http://w1.c1.rada.gov.ua/pls/site2/fetch_mps?skl_id=6"
"http://static.rada.gov.ua/dep_img5/reg178.jpg","","http://itd.rada.gov.ua/mps/info/expage/8722/6","Біба Василь Тимофійович","22","http://w1.c1.rada.gov.ua/pls/site2/fetch_mps?skl_id=6"
"http://static.rada.gov.ua/dep_img5/reg207.jpg","","http://itd.rada.gov.ua/mps/info/expage/10427/6","Білаш Борис Федорович","23","http://w1.c1.rada.gov.ua/pls/site2/fetch_mps?skl_id=6"
"http://static.rada.gov.ua/dep_img5/reg31.jpg","","http://itd.rada.gov.ua/mps/info/expage/8723/6","Білий Олексій Петрович","24","http://w1.c1.rada.gov.ua/pls/site2/fetch_mps?skl_id=6"
"http://static.rada.gov.ua/dep_img5/nu19.jpg","","http://itd.rada.gov.ua/mps/info/expage/5503/6","Білозір Оксана Володимирівна","25","http://w1.c1.rada.gov.ua/pls/site2/fetch_mps?skl_id=6"
"http://static.rada.gov.ua/dep_img5/but11.jpg","","http://itd.rada.gov.ua/mps/info/expage/2083/6","Білорус Олег Григорович","26","http://w1.c1.rada.gov.ua/pls/site2/fetch_mps?skl_id=6"
"http://static.rada.gov.ua/dep_img5/but111.jpg","","http://itd.rada.gov.ua/mps/info/expage/4403/6","Бірюк Лев Васильович","27","http://w1.c1.rada.gov.ua/pls/site2/fetch_mps?skl_id=6"
"http://static.rada.gov.ua/dep_img5/reg6.jpg","","http://itd.rada.gov.ua/mps/info/expage/3469/6","Богатирьова Раїса Василівна","28","http://w1.c1.rada.gov.ua/pls/site2/fetch_mps?skl_id=6"
"http://static.rada.gov.ua/dep_img5/spu34.jpg","","http://itd.rada.gov.ua/mps/info/expage/9778/6","Богачук Василь Степанович","29","http://w1.c1.rada.gov.ua/pls/site2/fetch_mps?skl_id=6"
"http://static.rada.gov.ua/dep_img5/nu76.jpg","","http://itd.rada.gov.ua/mps/info/expage/3951/6","Богашева Наталія Владиславівна","30","http://w1.c1.rada.gov.ua/pls/site2/fetch_mps?skl_id=6"
"http://static.rada.gov.ua/dep_img5/reg5.jpg","","http://itd.rada.gov.ua/mps/info/expage/8725/6","Богуслаєв Вячеслав Олександрович","31","http://w1.c1.rada.gov.ua/pls/site2/fetch_mps?skl_id=6"
"http://static.rada.gov.ua/dep_img5/but126.jpg","","http://itd.rada.gov.ua/mps/info/expage/4048/6","Боднар-Петровська Ольга Борисівна","32","http://w1.c1.rada.gov.ua/pls/site2/fetch_mps?skl_id=6"
"http://static.rada.gov.ua/dep_img5/spu8.jpg","","http://itd.rada.gov.ua/mps/info/expage/5471/6","Бойко Володимир Семенович","33","http://w1.c1.rada.gov.ua/pls/site2/fetch_mps?skl_id=6"
"http://static.rada.gov.ua/dep_img5/spu7.jpg","","http://itd.rada.gov.ua/mps/info/expage/2180/6","Бокий Іван Сидорович","34","http://w1.c1.rada.gov.ua/pls/site2/fetch_mps?skl_id=6"
"http://static.rada.gov.ua/dep_img5/reg162.jpg","","http://itd.rada.gov.ua/mps/info/expage/809/6","Болдирєв Юрій Олександрович","35","http://w1.c1.rada.gov.ua/pls/site2/fetch_mps?skl_id=6"
"http://static.rada.gov.ua/dep_img5/reg152.jpg","","http://itd.rada.gov.ua/mps/info/expage/8726/6","Бондар Володимир Олексійович","36","http://w1.c1.rada.gov.ua/pls/site2/fetch_mps?skl_id=6"
"http://static.rada.gov.ua/dep_img5/nu37.jpg","","http://itd.rada.gov.ua/mps/info/expage/8727/6","Бондар Олександр Миколайович","37","http://w1.c1.rada.gov.ua/pls/site2/fetch_mps?skl_id=6"
"http://static.rada.gov.ua/dep_img5/reg81.jpg","","http://itd.rada.gov.ua/mps/info/expage/8728/6","Бондаренко Віктор Вікторович","38","http://w1.c1.rada.gov.ua/pls/site2/fetch_mps?skl_id=6"
"http://static.rada.gov.ua/dep_img5/reg125.jpg","","http://itd.rada.gov.ua/mps/info/expage/8729/6","Бондаренко Олена Анатоліївна","39","http://w1.c1.rada.gov.ua/pls/site2/fetch_mps?skl_id=6"
"http://static.rada.gov.ua/dep_img5/but89.jpg","","http://itd.rada.gov.ua/mps/info/expage/2154/6","Бондаренко Олена Федорівна","40","http://w1.c1.rada.gov.ua/pls/site2/fetch_mps?skl_id=6"
"http://static.rada.gov.ua/dep_img5/spu21.jpg","","http://itd.rada.gov.ua/mps/info/expage/6875/6","Бондарчук Іван Миколайович","41","http://w1.c1.rada.gov.ua/pls/site2/fetch_mps?skl_id=6"
"http://static.rada.gov.ua/dep_img5/reg101.jpg","","http://itd.rada.gov.ua/mps/info/expage/8398/6","Бондик Валерій Анатолійович","42","http://w1.c1.rada.gov.ua/pls/site2/fetch_mps?skl_id=6"
"http://static.rada.gov.ua/dep_img5/but97.jpg","","http://itd.rada.gov.ua/mps/info/expage/673/6","Борзих Олександр Іванович","43","http://w1.c1.rada.gov.ua/pls/site2/fetch_mps?skl_id=6"
"http://static.rada.gov.ua/dep_img5/nu57.jpg","","http://itd.rada.gov.ua/mps/info/expage/8730/6","Борисов Валерій Дмитрович","44","http://w1.c1.rada.gov.ua/pls/site2/fetch_mps?skl_id=6"
"http://static.rada.gov.ua/dep_img5/reg105.jpg","","http://itd.rada.gov.ua/mps/info/expage/8731/6","Борт Віталій Петрович","45","http://w1.c1.rada.gov.ua/pls/site2/fetch_mps?skl_id=6"
"http://static.rada.gov.ua/dep_img5/kpu15.jpg","","http://itd.rada.gov.ua/mps/info/expage/2120/6","Борщевський Віктор Валентинович","46","http://w1.c1.rada.gov.ua/pls/site2/fetch_mps?skl_id=6"
"http://static.rada.gov.ua/dep_img5/reg114.jpg","","http://itd.rada.gov.ua/mps/info/expage/5529/6","Бронніков Володимир Костянтинович","47","http://w1.c1.rada.gov.ua/pls/site2/fetch_mps?skl_id=6"
"http://static.rada.gov.ua/dep_img5/spu19.jpg","","http://itd.rada.gov.ua/mps/info/expage/8732/6","Бугаєць Анатолій Олександрович","48","http://w1.c1.rada.gov.ua/pls/site2/fetch_mps?skl_id=6"
"http://static.rada.gov.ua/dep_img5/but98.jpg","","http://itd.rada.gov.ua/mps/info/expage/8690/6","Буджерак Олександр Олександрович","49","http://w1.c1.rada.gov.ua/pls/site2/fetch_mps?skl_id=6"
"http://static.rada.gov.ua/dep_img5/spu11.jpg","","http://itd.rada.gov.ua/mps/info/expage/5376/6","Бульба Степан Степанович","50","http://w1.c1.rada.gov.ua/pls/site2/fetch_mps?skl_id=6"
"http://static.rada.gov.ua/dep_img5/reg109.jpg","","http://itd.rada.gov.ua/mps/info/expage/8733/6","Бурлаков Павло Миколайович","51","http://w1.c1.rada.gov.ua/pls/site2/fetch_mps?skl_id=6"
"http://static.rada.gov.ua/dep_img5/but69.jpg","","http://itd.rada.gov.ua/mps/info/expage/5499/6","Буряк Олександр Васильович","52","http://w1.c1.rada.gov.ua/pls/site2/fetch_mps?skl_id=6"
"http://static.rada.gov.ua/dep_img5/but37.jpg","","http://itd.rada.gov.ua/mps/info/expage/1352/6","Буряк Сергій Васильович","53","http://w1.c1.rada.gov.ua/pls/site2/fetch_mps?skl_id=6"
"http://static.rada.gov.ua/dep_img5/but41.jpg","","http://itd.rada.gov.ua/mps/info/expage/5479/6","Васадзе Таріел Шакрович","54","http://w1.c1.rada.gov.ua/pls/site2/fetch_mps?skl_id=6"
"http://static.rada.gov.ua/dep_img5/reg75.jpg","","http://itd.rada.gov.ua/mps/info/expage/7193/6","Васильєв Олександр Андрійович","55","http://w1.c1.rada.gov.ua/pls/site2/fetch_mps?skl_id=6"
"http://static.rada.gov.ua/dep_img5/but44.jpg","","http://itd.rada.gov.ua/mps/info/expage/5563/6","Веревський Андрій Михайлович","56","http://w1.c1.rada.gov.ua/pls/site2/fetch_mps?skl_id=6"
"http://static.rada.gov.ua/dep_img5/reg78.jpg","","http://itd.rada.gov.ua/mps/info/expage/5572/6","Вернидубов Іван Васильович","57","http://w1.c1.rada.gov.ua/pls/site2/fetch_mps?skl_id=6"
"http://static.rada.gov.ua/dep_img5/but63.jpg","","http://itd.rada.gov.ua/mps/info/expage/8734/6","Вершиніна Інга Станіславівна","58","http://w1.c1.rada.gov.ua/pls/site2/fetch_mps?skl_id=6"
"http://static.rada.gov.ua/dep_img5/reg77.jpg","","http://itd.rada.gov.ua/mps/info/expage/8735/6","Вечерко Володимир Миколайович","59","http://w1.c1.rada.gov.ua/pls/site2/fetch_mps?skl_id=6"
"http://static.rada.gov.ua/dep_img5/but92.jpg","","http://itd.rada.gov.ua/mps/info/expage/8736/6","Видрін Дмитро Гнатович","60","http://w1.c1.rada.gov.ua/pls/site2/fetch_mps?skl_id=6"
"http://static.rada.gov.ua/dep_img5/reg59.jpg","","http://itd.rada.gov.ua/mps/info/expage/8737/6","Вілкул Олександр Юрійович","61","http://w1.c1.rada.gov.ua/pls/site2/fetch_mps?skl_id=6"
"http://static.rada.gov.ua/dep_img5/spu6.jpg","","http://itd.rada.gov.ua/mps/info/expage/682/6","Вінський Йосип Вікентійович","62","http://w1.c1.rada.gov.ua/pls/site2/fetch_mps?skl_id=6"
"http://static.rada.gov.ua/dep_img5/but119.jpg","","http://itd.rada.gov.ua/mps/info/expage/8738/6","Вітенко Олена Андріївна","63","http://w1.c1.rada.gov.ua/pls/site2/fetch_mps?skl_id=6"
"http://static.rada.gov.ua/dep_img5/spu17.jpg","","http://itd.rada.gov.ua/mps/info/expage/8739/6","Волга Василь Олександрович","64","http://w1.c1.rada.gov.ua/pls/site2/fetch_mps?skl_id=6"
"http://static.rada.gov.ua/dep_img5/but14.jpg","","http://itd.rada.gov.ua/mps/info/expage/5417/6","Волинець Михайло Якович","65","http://w1.c1.rada.gov.ua/pls/site2/fetch_mps?skl_id=6"
"http://static.rada.gov.ua/dep_img5/nu44.jpg","","http://itd.rada.gov.ua/mps/info/expage/8740/6","Волков Олександр Анатолійович","66","http://w1.c1.rada.gov.ua/pls/site2/fetch_mps?skl_id=6"
"http://static.rada.gov.ua/dep_img5/reg208.jpg","","http://itd.rada.gov.ua/mps/info/expage/10544/6","Волошенков Дмитро Борисович","67","http://w1.c1.rada.gov.ua/pls/site2/fetch_mps?skl_id=6"
"http://static.rada.gov.ua/dep_img5/reg74.jpg","","http://itd.rada.gov.ua/mps/info/expage/8741/6","Воропаєв Юрій Миколайович","68","http://w1.c1.rada.gov.ua/pls/site2/fetch_mps?skl_id=6"
"http://static.rada.gov.ua/dep_img5/but33.jpg","","http://itd.rada.gov.ua/mps/info/expage/8742/6","Воротнюк Ігор Борисович","69","http://w1.c1.rada.gov.ua/pls/site2/fetch_mps?skl_id=6"
"http://static.rada.gov.ua/dep_img5/nu48.jpg","","http://itd.rada.gov.ua/mps/info/expage/5736/6","В'язівський Володимир Михайлович","70","http://w1.c1.rada.gov.ua/pls/site2/fetch_mps?skl_id=6"
"http://static.rada.gov.ua/dep_img5/reg192.jpg","","http://itd.rada.gov.ua/mps/info/expage/8906/6","Галуненко Олександр Васильович","71","http://w1.c1.rada.gov.ua/pls/site2/fetch_mps?skl_id=6"
"http://static.rada.gov.ua/dep_img5/spu16.jpg","","http://itd.rada.gov.ua/mps/info/expage/3056/6","Гармаш Галина Федорівна","72","http://w1.c1.rada.gov.ua/pls/site2/fetch_mps?skl_id=6"
"http://static.rada.gov.ua/dep_img5/but52.jpg","","http://itd.rada.gov.ua/mps/info/expage/8743/6","Гасюк Петро Петрович","73","http://w1.c1.rada.gov.ua/pls/site2/fetch_mps?skl_id=6"
"http://static.rada.gov.ua/dep_img5/kpu3.jpg","","http://itd.rada.gov.ua/mps/info/expage/5419/6","Герасимов Іван Олександрович","74","http://w1.c1.rada.gov.ua/pls/site2/fetch_mps?skl_id=6"
"http://static.rada.gov.ua/dep_img5/nu4.jpg","","http://itd.rada.gov.ua/mps/info/expage/8744/6","Герасим'юк Ольга Володимирівна","75","http://w1.c1.rada.gov.ua/pls/site2/fetch_mps?skl_id=6"
"http://static.rada.gov.ua/dep_img5/reg106.jpg","","http://itd.rada.gov.ua/mps/info/expage/8745/6","Герман Ганна Миколаївна","76","http://w1.c1.rada.gov.ua/pls/site2/fetch_mps?skl_id=6"
"http://static.rada.gov.ua/dep_img5/reg79.jpg","","http://itd.rada.gov.ua/mps/info/expage/8746/6","Гєллєр Євгеній Борисович","77","http://w1.c1.rada.gov.ua/pls/site2/fetch_mps?skl_id=6"
"http://static.rada.gov.ua/dep_img5/nu30.jpg","","http://itd.rada.gov.ua/mps/info/expage/5418/6","Гірник Євген Олексійович","78","http://w1.c1.rada.gov.ua/pls/site2/fetch_mps?skl_id=6"
"http://static.rada.gov.ua/dep_img5/but85.jpg","","http://itd.rada.gov.ua/mps/info/expage/5473/6","Гладій Михайло Васильович","79","http://w1.c1.rada.gov.ua/pls/site2/fetch_mps?skl_id=6"
"http://static.rada.gov.ua/dep_img5/but108.jpg","","http://itd.rada.gov.ua/mps/info/expage/8747/6","Глусь Степан Карлович","80","http://w1.c1.rada.gov.ua/pls/site2/fetch_mps?skl_id=6"
"http://static.rada.gov.ua/dep_img5/nu52.jpg","","http://itd.rada.gov.ua/mps/info/expage/2635/6","Гнатенко Лев Миколайович","81","http://w1.c1.rada.gov.ua/pls/site2/fetch_mps?skl_id=6"
"http://static.rada.gov.ua/dep_img5/but135.jpg","","http://itd.rada.gov.ua/mps/info/expage/9990/6","Гнаткевич Юрій Васильович","82","http://w1.c1.rada.gov.ua/pls/site2/fetch_mps?skl_id=6"
"http://static.rada.gov.ua/dep_img5/nu43.jpg","","http://itd.rada.gov.ua/mps/info/expage/2259/6","Головатий Сергій Петрович","83","http://w1.c1.rada.gov.ua/pls/site2/fetch_mps?skl_id=6"
"http://static.rada.gov.ua/dep_img5/kpu7.jpg","","http://itd.rada.gov.ua/mps/info/expage/2117/6","Голуб Олександр Володимирович","84","http://w1.c1.rada.gov.ua/pls/site2/fetch_mps?skl_id=6"
"http://static.rada.gov.ua/dep_img5/spu15.jpg","","http://itd.rada.gov.ua/mps/info/expage/8748/6","Гончаров Михайло Олександрович","85","http://w1.c1.rada.gov.ua/pls/site2/fetch_mps?skl_id=6"
"http://static.rada.gov.ua/dep_img5/reg37.jpg","","http://itd.rada.gov.ua/mps/info/expage/5579/6","Горбаль Василь Михайлович","86","http://w1.c1.rada.gov.ua/pls/site2/fetch_mps?skl_id=6"
"http://static.rada.gov.ua/dep_img5/reg156.jpg","","http://itd.rada.gov.ua/mps/info/expage/8749/6","Горбатюк Анатолій Олексійович","87","http://w1.c1.rada.gov.ua/pls/site2/fetch_mps?skl_id=6"
"http://static.rada.gov.ua/dep_img5/reg209.jpg","","http://itd.rada.gov.ua/mps/info/expage/10718/6","Горбенко Наталія Арсентіївна","88","http://w1.c1.rada.gov.ua/pls/site2/fetch_mps?skl_id=6"
"http://static.rada.gov.ua/dep_img5/nu58.jpg","","http://itd.rada.gov.ua/mps/info/expage/5164/6","Горошкевич Олександр Сергійович","89","http://w1.c1.rada.gov.ua/pls/site2/fetch_mps?skl_id=6"
"http://static.rada.gov.ua/dep_img5/kpu19.jpg","","http://itd.rada.gov.ua/mps/info/expage/5381/6","Грач Леонід Іванович","90","http://w1.c1.rada.gov.ua/pls/site2/fetch_mps?skl_id=6"
"http://static.rada.gov.ua/dep_img5/nu10.jpg","","http://itd.rada.gov.ua/mps/info/expage/694/6","Григорович Лілія Степанівна","91","http://w1.c1.rada.gov.ua/pls/site2/fetch_mps?skl_id=6"
"http://static.rada.gov.ua/dep_img5/reg165.jpg","","http://itd.rada.gov.ua/mps/info/expage/8750/6","Грицак Василь Миколайович","92","http://w1.c1.rada.gov.ua/pls/site2/fetch_mps?skl_id=6"
"http://static.rada.gov.ua/dep_img5/but27.jpg","","http://itd.rada.gov.ua/mps/info/expage/2220/6","Губський Богдан Володимирович","93","http://w1.c1.rada.gov.ua/pls/site2/fetch_mps?skl_id=6"
"http://static.rada.gov.ua/dep_img5/reg51.jpg","","http://itd.rada.gov.ua/mps/info/expage/8751/6","Гуменюк Ігор Миколайович","94","http://w1.c1.rada.gov.ua/pls/site2/fetch_mps?skl_id=6"
"http://static.rada.gov.ua/dep_img5/nu67.jpg","","http://itd.rada.gov.ua/mps/info/expage/5588/6","Гуменюк Олег Іванович","95","http://w1.c1.rada.gov.ua/pls/site2/fetch_mps?skl_id=6"
"http://static.rada.gov.ua/dep_img5/nu36.jpg","","http://itd.rada.gov.ua/mps/info/expage/5475/6","Гуреєв Василь Миколайович","96","http://w1.c1.rada.gov.ua/pls/site2/fetch_mps?skl_id=6"
"http://static.rada.gov.ua/dep_img5/reg160.jpg","","http://itd.rada.gov.ua/mps/info/expage/8752/6","Гусаров Сергій Миколайович","97","http://w1.c1.rada.gov.ua/pls/site2/fetch_mps?skl_id=6"
"http://static.rada.gov.ua/dep_img5/nu81.jpg","","http://itd.rada.gov.ua/mps/info/expage/7808/6","Давимука Степан Антонович","98","http://w1.c1.rada.gov.ua/pls/site2/fetch_mps?skl_id=6"
"http://static.rada.gov.ua/dep_img5/spu32.jpg","","http://itd.rada.gov.ua/mps/info/expage/8753/6","Данілін Микола Олексійович","99","http://w1.c1.rada.gov.ua/pls/site2/fetch_mps?skl_id=6"
"http://static.rada.gov.ua/dep_img5/but42.jpg","","http://itd.rada.gov.ua/mps/info/expage/8754/6","Данілов Олексій Мячеславович","100","http://w1.c1.rada.gov.ua/pls/site2/fetch_mps?skl_id=6"
"http://static.rada.gov.ua/dep_img5/reg89.jpg","","http://itd.rada.gov.ua/mps/info/expage/8755/6","Дарда Олександр Панасович","101","http://w1.c1.rada.gov.ua/pls/site2/fetch_mps?skl_id=6"
"http://static.rada.gov.ua/dep_img5/reg28.jpg","","http://itd.rada.gov.ua/mps/info/expage/8756/6","Дейч Борис Давидович","102","http://w1.c1.rada.gov.ua/pls/site2/fetch_mps?skl_id=6"
"http://static.rada.gov.ua/dep_img5/reg201.jpg","","http://itd.rada.gov.ua/mps/info/expage/9780/6","Демидко Володимир Миколайович","103","http://w1.c1.rada.gov.ua/pls/site2/fetch_mps?skl_id=6"
"http://static.rada.gov.ua/dep_img5/reg197.jpg","","http://itd.rada.gov.ua/mps/info/expage/9781/6","Демчишен Василь Васильович","104","http://w1.c1.rada.gov.ua/pls/site2/fetch_mps?skl_id=6"
"http://static.rada.gov.ua/dep_img5/reg93.jpg","","http://itd.rada.gov.ua/mps/info/expage/7895/6","Демянко Микола Іванович","105","http://w1.c1.rada.gov.ua/pls/site2/fetch_mps?skl_id=6"
"http://static.rada.gov.ua/dep_img5/but115.jpg","","http://itd.rada.gov.ua/mps/info/expage/8757/6","Денісова Людмила Леонтіївна","106","http://w1.c1.rada.gov.ua/pls/site2/fetch_mps?skl_id=6"
"http://static.rada.gov.ua/dep_img5/but38.jpg","","http://itd.rada.gov.ua/mps/info/expage/8758/6","Деревляний Василь Тимофійович","107","http://w1.c1.rada.gov.ua/pls/site2/fetch_mps?skl_id=6"
"http://static.rada.gov.ua/dep_img5/spu9.jpg","","http://itd.rada.gov.ua/mps/info/expage/2284/6","Деркач Андрій Леонідович","108","http://w1.c1.rada.gov.ua/pls/site2/fetch_mps?skl_id=6"
"http://static.rada.gov.ua/dep_img5/reg22.jpg","","http://itd.rada.gov.ua/mps/info/expage/8759/6","Джарти Василь Георгійович","109","http://w1.c1.rada.gov.ua/pls/site2/fetch_mps?skl_id=6"
"http://static.rada.gov.ua/dep_img5/nu45.jpg","","http://itd.rada.gov.ua/mps/info/expage/2394/6","Джемілєв Мустафа","110","http://w1.c1.rada.gov.ua/pls/site2/fetch_mps?skl_id=6"
"http://static.rada.gov.ua/dep_img5/reg56.jpg","","http://itd.rada.gov.ua/mps/info/expage/8760/6","Джига Микола Васильович","111","http://w1.c1.rada.gov.ua/pls/site2/fetch_mps?skl_id=6"
"http://static.rada.gov.ua/dep_img5/nu28.jpg","","http://itd.rada.gov.ua/mps/info/expage/5391/6","Довгий Станіслав Олексійович","112","http://w1.c1.rada.gov.ua/pls/site2/fetch_mps?skl_id=6"
"http://static.rada.gov.ua/dep_img5/nu64.jpg","","http://itd.rada.gov.ua/mps/info/expage/5492/6","Довгий Тарас Олексійович","113","http://w1.c1.rada.gov.ua/pls/site2/fetch_mps?skl_id=6"
"http://static.rada.gov.ua/dep_img5/but122.jpg","","http://itd.rada.gov.ua/mps/info/expage/8761/6","Дончак Володимир Андрійович","114","http://w1.c1.rada.gov.ua/pls/site2/fetch_mps?skl_id=6"
"http://static.rada.gov.ua/dep_img5/reg141.jpg","","http://itd.rada.gov.ua/mps/info/expage/1165/6","Євтухов Василь Іванович","115","http://w1.c1.rada.gov.ua/pls/site2/fetch_mps?skl_id=6"
"http://static.rada.gov.ua/dep_img5/reg203.jpg","","http://itd.rada.gov.ua/mps/info/expage/9989/6","Єгоренко Тамара Василівна","116","http://w1.c1.rada.gov.ua/pls/site2/fetch_mps?skl_id=6"
"http://static.rada.gov.ua/dep_img5/but68.jpg","","http://itd.rada.gov.ua/mps/info/expage/2334/6","Єдін Олександр Йосипович","117","http://w1.c1.rada.gov.ua/pls/site2/fetch_mps?skl_id=6"
"http://static.rada.gov.ua/dep_img5/but118.jpg","","http://itd.rada.gov.ua/mps/info/expage/8762/6","Єресько Ігор Геннадійович","118","http://w1.c1.rada.gov.ua/pls/site2/fetch_mps?skl_id=6"
"http://static.rada.gov.ua/dep_img5/reg19.jpg","","http://itd.rada.gov.ua/mps/info/expage/8763/6","Єфремов Олександр Сергійович","119","http://w1.c1.rada.gov.ua/pls/site2/fetch_mps?skl_id=6"
"http://static.rada.gov.ua/dep_img5/nu1.jpg","","http://itd.rada.gov.ua/mps/info/expage/2267/6","Єхануров Юрій Іванович","120","http://w1.c1.rada.gov.ua/pls/site2/fetch_mps?skl_id=6"
"http://static.rada.gov.ua/dep_img5/nu69.jpg","","http://itd.rada.gov.ua/mps/info/expage/5490/6","Жванія Давид Важаєвич","121","http://w1.c1.rada.gov.ua/pls/site2/fetch_mps?skl_id=6"
"http://static.rada.gov.ua/dep_img5/nu49.jpg","","http://itd.rada.gov.ua/mps/info/expage/5580/6","Жебрівський Павло Іванович","122","http://w1.c1.rada.gov.ua/pls/site2/fetch_mps?skl_id=6"
"http://static.rada.gov.ua/dep_img5/but62.jpg","","http://itd.rada.gov.ua/mps/info/expage/2301/6","Жеваго Костянтин Валентинович","123","http://w1.c1.rada.gov.ua/pls/site2/fetch_mps?skl_id=6"
"http://static.rada.gov.ua/dep_img5/but130.jpg","","http://itd.rada.gov.ua/mps/info/expage/8764/6","Жиденко Ігор Григорович","124","http://w1.c1.rada.gov.ua/pls/site2/fetch_mps?skl_id=6"
"http://static.rada.gov.ua/dep_img5/reg118.jpg","","http://itd.rada.gov.ua/mps/info/expage/8765/6","Журавко Олексій Валерійович","125","http://w1.c1.rada.gov.ua/pls/site2/fetch_mps?skl_id=6"
"http://static.rada.gov.ua/dep_img5/reg176.jpg","","http://itd.rada.gov.ua/mps/info/expage/8766/6","Забарський Владислав Валерійович","126","http://w1.c1.rada.gov.ua/pls/site2/fetch_mps?skl_id=6"
"http://static.rada.gov.ua/dep_img5/but49.jpg","","http://itd.rada.gov.ua/mps/info/expage/6569/6","Забзалюк Роман Омелянович","127","http://w1.c1.rada.gov.ua/pls/site2/fetch_mps?skl_id=6"
"http://static.rada.gov.ua/dep_img5/reg166.jpg","","http://itd.rada.gov.ua/mps/info/expage/8377/6","Заблоцький Віталій Петрович","128","http://w1.c1.rada.gov.ua/pls/site2/fetch_mps?skl_id=6"
"http://static.rada.gov.ua/dep_img5/kpu6.jpg","","http://itd.rada.gov.ua/mps/info/expage/2095/6","Заклунна-Мироненко Валерія Гавриїлівна","129","http://w1.c1.rada.gov.ua/pls/site2/fetch_mps?skl_id=6"
"http://static.rada.gov.ua/dep_img5/but125.jpg","","http://itd.rada.gov.ua/mps/info/expage/1486/6","Замковенко Микола Іванович","130","http://w1.c1.rada.gov.ua/pls/site2/fetch_mps?skl_id=6"
"http://static.rada.gov.ua/dep_img5/nu60.jpg","","http://itd.rada.gov.ua/mps/info/expage/2087/6","Заплатинський Володимир Михайлович","131","http://w1.c1.rada.gov.ua/pls/site2/fetch_mps?skl_id=6"
"http://static.rada.gov.ua/dep_img5/reg117.jpg","","http://itd.rada.gov.ua/mps/info/expage/2293/6","Засуха Тетяна Володимирівна","132","http://w1.c1.rada.gov.ua/pls/site2/fetch_mps?skl_id=6"
"http://static.rada.gov.ua/dep_img5/reg187.jpg","","http://itd.rada.gov.ua/mps/info/expage/8767/6","Зац Олександр Вікторович","133","http://w1.c1.rada.gov.ua/pls/site2/fetch_mps?skl_id=6"
"http://static.rada.gov.ua/dep_img5/reg174.jpg","","http://itd.rada.gov.ua/mps/info/expage/8768/6","Зварич Ігор Теодорович","134","http://w1.c1.rada.gov.ua/pls/site2/fetch_mps?skl_id=6"
"http://static.rada.gov.ua/dep_img5/nu26.jpg","","http://itd.rada.gov.ua/mps/info/expage/2158/6","Зварич Роман Михайлович","135","http://w1.c1.rada.gov.ua/pls/site2/fetch_mps?skl_id=6"
"http://static.rada.gov.ua/dep_img5/reg9.jpg","","http://itd.rada.gov.ua/mps/info/expage/833/6","Звягільський Юхим Леонідович","136","http://w1.c1.rada.gov.ua/pls/site2/fetch_mps?skl_id=6"
"http://static.rada.gov.ua/dep_img5/nu65.jpg","","http://itd.rada.gov.ua/mps/info/expage/8769/6","Зейналов Едуард Джангірович","137","http://w1.c1.rada.gov.ua/pls/site2/fetch_mps?skl_id=6"
"http://static.rada.gov.ua/dep_img5/but121.jpg","","http://itd.rada.gov.ua/mps/info/expage/8770/6","Зімін Євген Ігорович","138","http://w1.c1.rada.gov.ua/pls/site2/fetch_mps?skl_id=6"
"http://static.rada.gov.ua/dep_img5/reg110.jpg","","http://itd.rada.gov.ua/mps/info/expage/5611/6","Злочевський Микола Владиславович","139","http://w1.c1.rada.gov.ua/pls/site2/fetch_mps?skl_id=6"
"http://static.rada.gov.ua/dep_img5/but93.jpg","","http://itd.rada.gov.ua/mps/info/expage/8691/6","Зозуля Руслан Петрович","140","http://w1.c1.rada.gov.ua/pls/site2/fetch_mps?skl_id=6"
"http://static.rada.gov.ua/dep_img5/reg138.jpg","","http://itd.rada.gov.ua/mps/info/expage/5526/6","Зубанов Володимир Олександрович","141","http://w1.c1.rada.gov.ua/pls/site2/fetch_mps?skl_id=6"
"http://static.rada.gov.ua/dep_img5/but59.jpg","","http://itd.rada.gov.ua/mps/info/expage/5407/6","Зубець Михайло Васильович","142","http://w1.c1.rada.gov.ua/pls/site2/fetch_mps?skl_id=6"
"http://static.rada.gov.ua/dep_img5/but64.jpg","","http://itd.rada.gov.ua/mps/info/expage/8771/6","Зубик Володимир Володимирович","143","http://w1.c1.rada.gov.ua/pls/site2/fetch_mps?skl_id=6"
"http://static.rada.gov.ua/dep_img5/spu36.jpg","","http://itd.rada.gov.ua/mps/info/expage/9779/6","Зубко Юрій Григорович","144","http://w1.c1.rada.gov.ua/pls/site2/fetch_mps?skl_id=6"
"http://static.rada.gov.ua/dep_img5/but19.jpg","","http://itd.rada.gov.ua/mps/info/expage/2182/6","Зубов Валентин Сергійович","145","http://w1.c1.rada.gov.ua/pls/site2/fetch_mps?skl_id=6"
"http://static.rada.gov.ua/dep_img5/reg185.jpg","","http://itd.rada.gov.ua/mps/info/expage/8772/6","Іванов Володимир Михайлович","146","http://w1.c1.rada.gov.ua/pls/site2/fetch_mps?skl_id=6"
"http://static.rada.gov.ua/dep_img5/nu25.jpg","","http://itd.rada.gov.ua/mps/info/expage/5439/6","Івченко Олексій Григорович","147","http://w1.c1.rada.gov.ua/pls/site2/fetch_mps?skl_id=6"
"http://static.rada.gov.ua/dep_img5/reg127.jpg","","http://itd.rada.gov.ua/mps/info/expage/8773/6","Ілляшов Григорій Олексійович","148","http://w1.c1.rada.gov.ua/pls/site2/fetch_mps?skl_id=6"
"http://static.rada.gov.ua/dep_img5/reg131.jpg","","http://itd.rada.gov.ua/mps/info/expage/5539/6","Ісаєв Леонід Олексійович","149","http://w1.c1.rada.gov.ua/pls/site2/fetch_mps?skl_id=6"
"http://static.rada.gov.ua/dep_img5/reg161.jpg","","http://itd.rada.gov.ua/mps/info/expage/6782/6","Калашніков Олег Іванович","150","http://w1.c1.rada.gov.ua/pls/site2/fetch_mps?skl_id=6"
"http://static.rada.gov.ua/dep_img5/reg142.jpg","","http://itd.rada.gov.ua/mps/info/expage/5514/6","Калетнік Григорій Миколайович","151","http://w1.c1.rada.gov.ua/pls/site2/fetch_mps?skl_id=6"
"http://static.rada.gov.ua/dep_img5/reg107.jpg","","http://itd.rada.gov.ua/mps/info/expage/5511/6","Кальніченко Ігор Вікторович","152","http://w1.c1.rada.gov.ua/pls/site2/fetch_mps?skl_id=6"
"http://static.rada.gov.ua/dep_img5/reg190.jpg","","http://itd.rada.gov.ua/mps/info/expage/8904/6","Кальцев Сергій Федорович","153","http://w1.c1.rada.gov.ua/pls/site2/fetch_mps?skl_id=6"
"http://static.rada.gov.ua/dep_img5/but28.jpg","","http://itd.rada.gov.ua/mps/info/expage/6172/6","Кальченко Валерій Михайлович","154","http://w1.c1.rada.gov.ua/pls/site2/fetch_mps?skl_id=6"
"http://static.rada.gov.ua/dep_img5/reg168.jpg","","http://itd.rada.gov.ua/mps/info/expage/8774/6","Калюжний Віталій Анатолійович","155","http://w1.c1.rada.gov.ua/pls/site2/fetch_mps?skl_id=6"
"http://static.rada.gov.ua/dep_img5/but123.jpg","","http://itd.rada.gov.ua/mps/info/expage/6012/6","Камчатний Валерій Григорович","156","http://w1.c1.rada.gov.ua/pls/site2/fetch_mps?skl_id=6"
"http://static.rada.gov.ua/dep_img5/reg164.jpg","","http://itd.rada.gov.ua/mps/info/expage/8775/6","Каракай Юрій Васильович","157","http://w1.c1.rada.gov.ua/pls/site2/fetch_mps?skl_id=6"
"http://static.rada.gov.ua/dep_img5/reg2.jpg","","http://itd.rada.gov.ua/mps/info/expage/8451/6","Карпачова Ніна Іванівна","158","http://w1.c1.rada.gov.ua/pls/site2/fetch_mps?skl_id=6"
"http://static.rada.gov.ua/dep_img5/nu73.jpg","","http://itd.rada.gov.ua/mps/info/expage/8776/6","Карпук Володимир Георгійович","159","http://w1.c1.rada.gov.ua/pls/site2/fetch_mps?skl_id=6"
"http://static.rada.gov.ua/dep_img5/reg210.jpg","","http://itd.rada.gov.ua/mps/info/expage/10962/6","Касянюк Олександр Ростиславович","160","http://w1.c1.rada.gov.ua/pls/site2/fetch_mps?skl_id=6"
"http://static.rada.gov.ua/dep_img5/nu8.jpg","","http://itd.rada.gov.ua/mps/info/expage/5513/6","Катеринчук Микола Дмитрович","161","http://w1.c1.rada.gov.ua/pls/site2/fetch_mps?skl_id=6"
"http://static.rada.gov.ua/dep_img5/nu50.jpg","","http://itd.rada.gov.ua/mps/info/expage/7878/6","Келестин Валерій Васильович","162","http://w1.c1.rada.gov.ua/pls/site2/fetch_mps?skl_id=6"
"http://static.rada.gov.ua/dep_img5/but67.jpg","","http://itd.rada.gov.ua/mps/info/expage/5592/6","Кеменяш Олександр Михайлович","163","http://w1.c1.rada.gov.ua/pls/site2/fetch_mps?skl_id=6"
"http://static.rada.gov.ua/dep_img5/nu59.jpg","","http://itd.rada.gov.ua/mps/info/expage/5383/6","Кендзьор Ярослав Михайлович","164","http://w1.c1.rada.gov.ua/pls/site2/fetch_mps?skl_id=6"
"http://static.rada.gov.ua/dep_img5/reg70.jpg","","http://itd.rada.gov.ua/mps/info/expage/8777/6","Кий Сергій Вікторович","165","http://w1.c1.rada.gov.ua/pls/site2/fetch_mps?skl_id=6"
"http://static.rada.gov.ua/dep_img5/nu6.jpg","","http://itd.rada.gov.ua/mps/info/expage/2155/6","Кириленко В'ячеслав Анатолійович","166","http://w1.c1.rada.gov.ua/pls/site2/fetch_mps?skl_id=6"
"http://static.rada.gov.ua/dep_img5/but70.jpg","","http://itd.rada.gov.ua/mps/info/expage/1351/6","Кириленко Іван Григорович","167","http://w1.c1.rada.gov.ua/pls/site2/fetch_mps?skl_id=6"
"http://static.rada.gov.ua/dep_img5/but20.jpg","","http://itd.rada.gov.ua/mps/info/expage/2183/6","Кирильчук Євген Іванович","168","http://w1.c1.rada.gov.ua/pls/site2/fetch_mps?skl_id=6"
"http://static.rada.gov.ua/dep_img5/reg46.jpg","","http://itd.rada.gov.ua/mps/info/expage/5435/6","Кириченко Людмила Федорівна","169","http://w1.c1.rada.gov.ua/pls/site2/fetch_mps?skl_id=6"
"http://static.rada.gov.ua/dep_img5/reg34.jpg","","http://itd.rada.gov.ua/mps/info/expage/8778/6","Кисельов Василь Олексійович","170","http://w1.c1.rada.gov.ua/pls/site2/fetch_mps?skl_id=6"
"http://static.rada.gov.ua/dep_img5/reg27.jpg","","http://itd.rada.gov.ua/mps/info/expage/2320/6","Ківалов Сергій Васильович","171","http://w1.c1.rada.gov.ua/pls/site2/fetch_mps?skl_id=6"
"http://static.rada.gov.ua/dep_img5/kpu13.jpg","","http://itd.rada.gov.ua/mps/info/expage/8779/6","Кілінкаров Спірідон Павлович","172","http://w1.c1.rada.gov.ua/pls/site2/fetch_mps?skl_id=6"
"http://static.rada.gov.ua/dep_img5/nu2.jpg","","http://itd.rada.gov.ua/mps/info/expage/2263/6","Кінах Анатолій Кирилович","173","http://w1.c1.rada.gov.ua/pls/site2/fetch_mps?skl_id=6"
"http://static.rada.gov.ua/dep_img5/reg205.jpg","","http://itd.rada.gov.ua/mps/info/expage/10302/6","Кічатий Юрій Святославович","174","http://w1.c1.rada.gov.ua/pls/site2/fetch_mps?skl_id=6"
"http://static.rada.gov.ua/dep_img5/reg67.jpg","","http://itd.rada.gov.ua/mps/info/expage/8780/6","Климець Павло Анатолійович","175","http://w1.c1.rada.gov.ua/pls/site2/fetch_mps?skl_id=6"
"http://static.rada.gov.ua/dep_img5/reg39.jpg","","http://itd.rada.gov.ua/mps/info/expage/5423/6","Клімов Леонід Михайлович","176","http://w1.c1.rada.gov.ua/pls/site2/fetch_mps?skl_id=6"
"http://static.rada.gov.ua/dep_img5/reg14.jpg","","http://itd.rada.gov.ua/mps/info/expage/5483/6","Клюєв Андрій Петрович","177","http://w1.c1.rada.gov.ua/pls/site2/fetch_mps?skl_id=6"
"http://static.rada.gov.ua/dep_img5/reg62.jpg","","http://itd.rada.gov.ua/mps/info/expage/8781/6","Клюєв Сергій Петрович","178","http://w1.c1.rada.gov.ua/pls/site2/fetch_mps?skl_id=6"
"http://static.rada.gov.ua/dep_img5/nu16.jpg","","http://itd.rada.gov.ua/mps/info/expage/2167/6","Ключковський Юрій Богданович","179","http://w1.c1.rada.gov.ua/pls/site2/fetch_mps?skl_id=6"
"http://static.rada.gov.ua/dep_img5/nu9.jpg","","http://itd.rada.gov.ua/mps/info/expage/1897/6","Князевич Руслан Петрович","180","http://w1.c1.rada.gov.ua/pls/site2/fetch_mps?skl_id=6"
"http://static.rada.gov.ua/dep_img5/reg167.jpg","","http://itd.rada.gov.ua/mps/info/expage/8782/6","Ковалевська Юлія Сергіївна","181","http://w1.c1.rada.gov.ua/pls/site2/fetch_mps?skl_id=6"
"http://static.rada.gov.ua/dep_img5/nu24.jpg","","http://itd.rada.gov.ua/mps/info/expage/2156/6","Коваль Вячеслав Станіславович","182","http://w1.c1.rada.gov.ua/pls/site2/fetch_mps?skl_id=6"
"http://static.rada.gov.ua/dep_img5/reg119.jpg","","http://itd.rada.gov.ua/mps/info/expage/8783/6","Ковальова Юлія Вікторівна","183","http://w1.c1.rada.gov.ua/pls/site2/fetch_mps?skl_id=6"
"http://static.rada.gov.ua/dep_img5/but53.jpg","","http://itd.rada.gov.ua/mps/info/expage/8704/6","Ковзель Микола Олегович","184","http://w1.c1.rada.gov.ua/pls/site2/fetch_mps?skl_id=6"
"http://static.rada.gov.ua/dep_img5/but116.jpg","","http://itd.rada.gov.ua/mps/info/expage/8784/6","Ковтуненко Олександр Володимирович","185","http://w1.c1.rada.gov.ua/pls/site2/fetch_mps?skl_id=6"
"http://static.rada.gov.ua/dep_img5/reg139.jpg","","http://itd.rada.gov.ua/mps/info/expage/8785/6","Кожара Леонід Олександрович","186","http://w1.c1.rada.gov.ua/pls/site2/fetch_mps?skl_id=6"
"http://static.rada.gov.ua/dep_img5/but25.jpg","","http://itd.rada.gov.ua/mps/info/expage/8786/6","Кожем'якін Андрій Анатолійович","187","http://w1.c1.rada.gov.ua/pls/site2/fetch_mps?skl_id=6"
"http://static.rada.gov.ua/dep_img5/reg92.jpg","","http://itd.rada.gov.ua/mps/info/expage/8787/6","Козак Володимир Васильович","188","http://w1.c1.rada.gov.ua/pls/site2/fetch_mps?skl_id=6"
"http://static.rada.gov.ua/dep_img5/reg145.jpg","","http://itd.rada.gov.ua/mps/info/expage/8788/6","Козаков Ігор Володимирович","189","http://w1.c1.rada.gov.ua/pls/site2/fetch_mps?skl_id=6"
"http://static.rada.gov.ua/dep_img5/nu85.jpg","","http://itd.rada.gov.ua/mps/info/expage/5440/6","Козаченко Олексій Олексійович","190","http://w1.c1.rada.gov.ua/pls/site2/fetch_mps?skl_id=6"
"http://static.rada.gov.ua/dep_img5/reg183.jpg","","http://itd.rada.gov.ua/mps/info/expage/8789/6","Козуб Олександр Андрійович","191","http://w1.c1.rada.gov.ua/pls/site2/fetch_mps?skl_id=6"
"http://static.rada.gov.ua/dep_img5/reg10.jpg","","http://itd.rada.gov.ua/mps/info/expage/8790/6","Колесніков Борис Вікторович","192","http://w1.c1.rada.gov.ua/pls/site2/fetch_mps?skl_id=6"
"http://static.rada.gov.ua/dep_img5/reg180.jpg","","http://itd.rada.gov.ua/mps/info/expage/8791/6","Колесніченко Вадим Васильович","193","http://w1.c1.rada.gov.ua/pls/site2/fetch_mps?skl_id=6"
"http://static.rada.gov.ua/dep_img5/reg52.jpg","","http://itd.rada.gov.ua/mps/info/expage/8792/6","Колоцей Юрій Олександрович","194","http://w1.c1.rada.gov.ua/pls/site2/fetch_mps?skl_id=6"
"http://static.rada.gov.ua/dep_img5/reg115.jpg","","http://itd.rada.gov.ua/mps/info/expage/5551/6","Комар Микола Степанович","195","http://w1.c1.rada.gov.ua/pls/site2/fetch_mps?skl_id=6"
"http://static.rada.gov.ua/dep_img5/reg171.jpg","","http://itd.rada.gov.ua/mps/info/expage/6788/6","Кондратьєва Тетяна Василівна","196","http://w1.c1.rada.gov.ua/pls/site2/fetch_mps?skl_id=6"
"http://static.rada.gov.ua/dep_img5/but124.jpg","","http://itd.rada.gov.ua/mps/info/expage/8174/6","Константинов Євген Семенович","197","http://w1.c1.rada.gov.ua/pls/site2/fetch_mps?skl_id=6"
"http://static.rada.gov.ua/dep_img5/reg172.jpg","","http://itd.rada.gov.ua/mps/info/expage/8793/6","Корж Віктор Петрович","198","http://w1.c1.rada.gov.ua/pls/site2/fetch_mps?skl_id=6"
"http://static.rada.gov.ua/dep_img5/but34.jpg","","http://itd.rada.gov.ua/mps/info/expage/7771/6","Корж Віталій Терентійович","199","http://w1.c1.rada.gov.ua/pls/site2/fetch_mps?skl_id=6"
"http://static.rada.gov.ua/dep_img5/reg61.jpg","","http://itd.rada.gov.ua/mps/info/expage/8794/6","Корж Павло Петрович","200","http://w1.c1.rada.gov.ua/pls/site2/fetch_mps?skl_id=6"
"http://static.rada.gov.ua/dep_img5/reg71.jpg","","http://itd.rada.gov.ua/mps/info/expage/8795/6","Коржев Анатолій Леонідович","201","http://w1.c1.rada.gov.ua/pls/site2/fetch_mps?skl_id=6"
"http://static.rada.gov.ua/dep_img5/but113.jpg","","http://itd.rada.gov.ua/mps/info/expage/8796/6","Корнійчук Євген Володимирович","202","http://w1.c1.rada.gov.ua/pls/site2/fetch_mps?skl_id=6"
"http://static.rada.gov.ua/dep_img5/but79.jpg","","http://itd.rada.gov.ua/mps/info/expage/8693/6","Королевська Наталія Юріївна","203","http://w1.c1.rada.gov.ua/pls/site2/fetch_mps?skl_id=6"
"http://static.rada.gov.ua/dep_img5/nu54.jpg","","http://itd.rada.gov.ua/mps/info/expage/2314/6","Король Віктор Миколайович","204","http://w1.c1.rada.gov.ua/pls/site2/fetch_mps?skl_id=6"
"http://static.rada.gov.ua/dep_img5/reg116.jpg","","http://itd.rada.gov.ua/mps/info/expage/5602/6","Корсаков Олексій Якович","205","http://w1.c1.rada.gov.ua/pls/site2/fetch_mps?skl_id=6"
"http://static.rada.gov.ua/dep_img5/but72.jpg","","http://itd.rada.gov.ua/mps/info/expage/8694/6","Костенко Павло Іванович","206","http://w1.c1.rada.gov.ua/pls/site2/fetch_mps?skl_id=6"
"http://static.rada.gov.ua/dep_img5/nu88.jpg","","http://itd.rada.gov.ua/mps/info/expage/2166/6","Костинюк Богдан Іванович","207","http://w1.c1.rada.gov.ua/pls/site2/fetch_mps?skl_id=6"
"http://static.rada.gov.ua/dep_img5/reg29.jpg","","http://itd.rada.gov.ua/mps/info/expage/2187/6","Костусєв Олексій Олексійович","208","http://w1.c1.rada.gov.ua/pls/site2/fetch_mps?skl_id=6"
"http://static.rada.gov.ua/dep_img5/reg170.jpg","","http://itd.rada.gov.ua/mps/info/expage/6310/6","Кравцов Олександр Олегович","209","http://w1.c1.rada.gov.ua/pls/site2/fetch_mps?skl_id=6"
"http://static.rada.gov.ua/dep_img5/kpu11.jpg","","http://itd.rada.gov.ua/mps/info/expage/2288/6","Кравченко Микола Васильович","210","http://w1.c1.rada.gov.ua/pls/site2/fetch_mps?skl_id=6"
"http://static.rada.gov.ua/dep_img5/but83.jpg","","http://itd.rada.gov.ua/mps/info/expage/8797/6","Кравчук Петро Костянтинович","211","http://w1.c1.rada.gov.ua/pls/site2/fetch_mps?skl_id=6"
"http://static.rada.gov.ua/dep_img5/nu71.jpg","","http://itd.rada.gov.ua/mps/info/expage/8798/6","Кріль Ігор Іванович","212","http://w1.c1.rada.gov.ua/pls/site2/fetch_mps?skl_id=6"
"http://static.rada.gov.ua/dep_img5/reg40.jpg","","http://itd.rada.gov.ua/mps/info/expage/5569/6","Круглов Микола Петрович","213","http://w1.c1.rada.gov.ua/pls/site2/fetch_mps?skl_id=6"
"http://static.rada.gov.ua/dep_img5/but77.jpg","","http://itd.rada.gov.ua/mps/info/expage/964/6","Крук Юрій Борисович","214","http://w1.c1.rada.gov.ua/pls/site2/fetch_mps?skl_id=6"
"http://static.rada.gov.ua/dep_img5/nu79.jpg","","http://itd.rada.gov.ua/mps/info/expage/5558/6","Круць Микола Федорович","215","http://w1.c1.rada.gov.ua/pls/site2/fetch_mps?skl_id=6"
"http://static.rada.gov.ua/dep_img5/but71.jpg","","http://itd.rada.gov.ua/mps/info/expage/8799/6","Крючков Дмитро Васильович","216","http://w1.c1.rada.gov.ua/pls/site2/fetch_mps?skl_id=6"
"http://static.rada.gov.ua/dep_img5/but100.jpg","","http://itd.rada.gov.ua/mps/info/expage/5436/6","Кузьменко Петро Павлович","217","http://w1.c1.rada.gov.ua/pls/site2/fetch_mps?skl_id=6"
"http://static.rada.gov.ua/dep_img5/spu31.jpg","","http://itd.rada.gov.ua/mps/info/expage/737/6","Кузьменко Сергій Леонідович","218","http://w1.c1.rada.gov.ua/pls/site2/fetch_mps?skl_id=6"
"http://static.rada.gov.ua/dep_img5/nu17.jpg","","http://itd.rada.gov.ua/mps/info/expage/8800/6","Куйбіда Василь Степанович","219","http://w1.c1.rada.gov.ua/pls/site2/fetch_mps?skl_id=6"
"http://static.rada.gov.ua/dep_img5/reg98.jpg","","http://itd.rada.gov.ua/mps/info/expage/5600/6","Кукоба Анатолій Тихонович","220","http://w1.c1.rada.gov.ua/pls/site2/fetch_mps?skl_id=6"
"http://static.rada.gov.ua/dep_img5/nu87.jpg","","http://itd.rada.gov.ua/mps/info/expage/3164/6","Кульчинський Микола Георгійович","221","http://w1.c1.rada.gov.ua/pls/site2/fetch_mps?skl_id=6"
"http://static.rada.gov.ua/dep_img5/spu13.jpg","","http://itd.rada.gov.ua/mps/info/expage/8801/6","Кунченко Олексій Петрович","222","http://w1.c1.rada.gov.ua/pls/site2/fetch_mps?skl_id=6"
"http://static.rada.gov.ua/dep_img5/but95.jpg","","http://itd.rada.gov.ua/mps/info/expage/8802/6","Куренной Володимир Костянтинович","223","http://w1.c1.rada.gov.ua/pls/site2/fetch_mps?skl_id=6"
"http://static.rada.gov.ua/dep_img5/but8.jpg","","http://itd.rada.gov.ua/mps/info/expage/8803/6","Курило Віталій Семенович","224","http://w1.c1.rada.gov.ua/pls/site2/fetch_mps?skl_id=6"
"http://static.rada.gov.ua/dep_img5/but65.jpg","","http://itd.rada.gov.ua/mps/info/expage/8692/6","Куровський Іван Іванович","225","http://w1.c1.rada.gov.ua/pls/site2/fetch_mps?skl_id=6"
"http://static.rada.gov.ua/dep_img5/but36.jpg","","http://itd.rada.gov.ua/mps/info/expage/8804/6","Курпіль Степан Володимирович","226","http://w1.c1.rada.gov.ua/pls/site2/fetch_mps?skl_id=6"
"http://static.rada.gov.ua/dep_img5/nu47.jpg","","http://itd.rada.gov.ua/mps/info/expage/2287/6","Кучеренко Олексій Юрійович","227","http://w1.c1.rada.gov.ua/pls/site2/fetch_mps?skl_id=6"
"http://static.rada.gov.ua/dep_img5/reg11.jpg","","http://itd.rada.gov.ua/mps/info/expage/8805/6","Кушнарьов Євгеній Петрович","228","http://w1.c1.rada.gov.ua/pls/site2/fetch_mps?skl_id=6"
"http://static.rada.gov.ua/dep_img5/but88.jpg","","http://itd.rada.gov.ua/mps/info/expage/8806/6","Лабунська Анжеліка Вікторівна","229","http://w1.c1.rada.gov.ua/pls/site2/fetch_mps?skl_id=6"
"http://static.rada.gov.ua/dep_img5/reg18.jpg","","http://itd.rada.gov.ua/mps/info/expage/741/6","Ландик Валентин Іванович","230","http://w1.c1.rada.gov.ua/pls/site2/fetch_mps?skl_id=6"
"http://static.rada.gov.ua/dep_img5/reg54.jpg","","http://itd.rada.gov.ua/mps/info/expage/8807/6","Ландік Володимир Іванович","231","http://w1.c1.rada.gov.ua/pls/site2/fetch_mps?skl_id=6"
"http://static.rada.gov.ua/dep_img5/nu39.jpg","","http://itd.rada.gov.ua/mps/info/expage/742/6","Лановий Володимир Тимофійович","232","http://w1.c1.rada.gov.ua/pls/site2/fetch_mps?skl_id=6"
"http://static.rada.gov.ua/dep_img5/reg135.jpg","","http://itd.rada.gov.ua/mps/info/expage/5425/6","Лапін Євген Васильович","233","http://w1.c1.rada.gov.ua/pls/site2/fetch_mps?skl_id=6"
"http://static.rada.gov.ua/dep_img5/reg65.jpg","","http://itd.rada.gov.ua/mps/info/expage/2179/6","Ларін Сергій Миколайович","234","http://w1.c1.rada.gov.ua/pls/site2/fetch_mps?skl_id=6"
"http://static.rada.gov.ua/dep_img5/but73.jpg","","http://itd.rada.gov.ua/mps/info/expage/8808/6","Лебедєв Павло Валентинович","235","http://w1.c1.rada.gov.ua/pls/site2/fetch_mps?skl_id=6"
"http://static.rada.gov.ua/dep_img5/but24.jpg","","http://itd.rada.gov.ua/mps/info/expage/2224/6","Левцун Володимир Іванович","236","http://w1.c1.rada.gov.ua/pls/site2/fetch_mps?skl_id=6"
"http://static.rada.gov.ua/dep_img5/nu35.jpg","","http://itd.rada.gov.ua/mps/info/expage/8809/6","Левченко Катерина Борисівна","237","http://w1.c1.rada.gov.ua/pls/site2/fetch_mps?skl_id=6"
"http://static.rada.gov.ua/dep_img5/reg149.jpg","","http://itd.rada.gov.ua/mps/info/expage/8810/6","Ледида Олександр Олександрович","238","http://w1.c1.rada.gov.ua/pls/site2/fetch_mps?skl_id=6"
"http://static.rada.gov.ua/dep_img5/reg91.jpg","","http://itd.rada.gov.ua/mps/info/expage/7383/6","Лелюк Олексій Володимирович","239","http://w1.c1.rada.gov.ua/pls/site2/fetch_mps?skl_id=6"
"http://static.rada.gov.ua/dep_img5/nu86.jpg","","http://itd.rada.gov.ua/mps/info/expage/10051/6","Лещенко Віктор Миколайович","240","http://w1.c1.rada.gov.ua/pls/site2/fetch_mps?skl_id=6"
"http://static.rada.gov.ua/dep_img5/reg191.jpg","","http://itd.rada.gov.ua/mps/info/expage/8905/6","Лещинський Олександр Михайлович","241","http://w1.c1.rada.gov.ua/pls/site2/fetch_mps?skl_id=6"
"http://static.rada.gov.ua/dep_img5/reg53.jpg","","http://itd.rada.gov.ua/mps/info/expage/2510/6","Лєщинський Олександр Олегович","242","http://w1.c1.rada.gov.ua/pls/site2/fetch_mps?skl_id=6"
"http://static.rada.gov.ua/dep_img5/nu5.jpg","","http://itd.rada.gov.ua/mps/info/expage/8811/6","Лижичко Руслана Степанівна","243","http://w1.c1.rada.gov.ua/pls/site2/fetch_mps?skl_id=6"
"http://static.rada.gov.ua/dep_img5/reg97.jpg","","http://itd.rada.gov.ua/mps/info/expage/8812/6","Лисов Ігор Володимирович","244","http://w1.c1.rada.gov.ua/pls/site2/fetch_mps?skl_id=6"
"http://static.rada.gov.ua/dep_img5/reg16.jpg","","http://itd.rada.gov.ua/mps/info/expage/8705/6","Литвинов Леонід Федорович","245","http://w1.c1.rada.gov.ua/pls/site2/fetch_mps?skl_id=6"
"http://static.rada.gov.ua/dep_img5/reg158.jpg","","http://itd.rada.gov.ua/mps/info/expage/8813/6","Личук Володимир Іванович","246","http://w1.c1.rada.gov.ua/pls/site2/fetch_mps?skl_id=6"
"http://static.rada.gov.ua/dep_img5/reg108.jpg","","http://itd.rada.gov.ua/mps/info/expage/5612/6","Лісін Микола Павлович","247","http://w1.c1.rada.gov.ua/pls/site2/fetch_mps?skl_id=6"
"http://static.rada.gov.ua/dep_img5/reg200.jpg","","http://itd.rada.gov.ua/mps/info/expage/9782/6","Літвінов Володимир Григорович","248","http://w1.c1.rada.gov.ua/pls/site2/fetch_mps?skl_id=6"
"http://static.rada.gov.ua/dep_img5/but58.jpg","","http://itd.rada.gov.ua/mps/info/expage/8814/6","Логвиненко Олексій Степанович","249","http://w1.c1.rada.gov.ua/pls/site2/fetch_mps?skl_id=6"
"http://static.rada.gov.ua/dep_img5/nu70.jpg","","http://itd.rada.gov.ua/mps/info/expage/8815/6","Лопушанський Андрій Ярославович","250","http://w1.c1.rada.gov.ua/pls/site2/fetch_mps?skl_id=6"
"http://static.rada.gov.ua/dep_img5/reg26.jpg","","http://itd.rada.gov.ua/mps/info/expage/8817/6","Лукаш Олена Леонідівна","251","http://w1.c1.rada.gov.ua/pls/site2/fetch_mps?skl_id=6"
"http://static.rada.gov.ua/dep_img5/but114.jpg","","http://itd.rada.gov.ua/mps/info/expage/5389/6","Лукашук Олег Григорович","252","http://w1.c1.rada.gov.ua/pls/site2/fetch_mps?skl_id=6"
"http://static.rada.gov.ua/dep_img5/but6.jpg","","http://itd.rada.gov.ua/mps/info/expage/1173/6","Лук'яненко Левко Григорович","253","http://w1.c1.rada.gov.ua/pls/site2/fetch_mps?skl_id=6"
"http://static.rada.gov.ua/dep_img5/reg133.jpg","","http://itd.rada.gov.ua/mps/info/expage/8816/6","Лук'янов Владислав Валентинович","254","http://w1.c1.rada.gov.ua/pls/site2/fetch_mps?skl_id=6"
"http://static.rada.gov.ua/dep_img5/but56.jpg","","http://itd.rada.gov.ua/mps/info/expage/6332/6","Лук'янчук Руслан Валерійович","255","http://w1.c1.rada.gov.ua/pls/site2/fetch_mps?skl_id=6"
"http://static.rada.gov.ua/dep_img5/but48.jpg","","http://itd.rada.gov.ua/mps/info/expage/8706/6","Луцький Максим Георгійович","256","http://w1.c1.rada.gov.ua/pls/site2/fetch_mps?skl_id=6"
"http://static.rada.gov.ua/dep_img5/nu7.jpg","","http://itd.rada.gov.ua/mps/info/expage/7879/6","Ляпіна Ксенія Михайлівна","257","http://w1.c1.rada.gov.ua/pls/site2/fetch_mps?skl_id=6"
"http://static.rada.gov.ua/dep_img5/but26.jpg","","http://itd.rada.gov.ua/mps/info/expage/8818/6","Ляшко Олег Валерійович","258","http://w1.c1.rada.gov.ua/pls/site2/fetch_mps?skl_id=6"
"http://static.rada.gov.ua/dep_img5/reg184.jpg","","http://itd.rada.gov.ua/mps/info/expage/1350/6","Майборода Сергій Федотович","259","http://w1.c1.rada.gov.ua/pls/site2/fetch_mps?skl_id=6"
"http://static.rada.gov.ua/dep_img5/nu20.jpg","","http://itd.rada.gov.ua/mps/info/expage/5477/6","Майко Віталій Іванович","260","http://w1.c1.rada.gov.ua/pls/site2/fetch_mps?skl_id=6"
"http://static.rada.gov.ua/dep_img5/reg48.jpg","","http://itd.rada.gov.ua/mps/info/expage/2186/6","Макеєнко Володимир Володимирович","261","http://w1.c1.rada.gov.ua/pls/site2/fetch_mps?skl_id=6"
"http://static.rada.gov.ua/dep_img5/but76.jpg","","http://itd.rada.gov.ua/mps/info/expage/8819/6","Макієнко Володимир Петрович","262","http://w1.c1.rada.gov.ua/pls/site2/fetch_mps?skl_id=6"
"http://static.rada.gov.ua/dep_img5/spu10.jpg","","http://itd.rada.gov.ua/mps/info/expage/5378/6","Малиновський Олексій Петрович","263","http://w1.c1.rada.gov.ua/pls/site2/fetch_mps?skl_id=6"
"http://static.rada.gov.ua/dep_img5/reg64.jpg","","http://itd.rada.gov.ua/mps/info/expage/8820/6","Малишев Володимир Степанович","264","http://w1.c1.rada.gov.ua/pls/site2/fetch_mps?skl_id=6"
"http://static.rada.gov.ua/dep_img5/reg66.jpg","","http://itd.rada.gov.ua/mps/info/expage/8821/6","Мальцев Володимир Олександрович","265","http://w1.c1.rada.gov.ua/pls/site2/fetch_mps?skl_id=6"
"http://static.rada.gov.ua/dep_img5/reg146.jpg","","http://itd.rada.gov.ua/mps/info/expage/8822/6","Маньковський Григорій Володимирович","266","http://w1.c1.rada.gov.ua/pls/site2/fetch_mps?skl_id=6"
"http://static.rada.gov.ua/dep_img5/kpu16.jpg","","http://itd.rada.gov.ua/mps/info/expage/379/6","Мармазов Євген Васильович","267","http://w1.c1.rada.gov.ua/pls/site2/fetch_mps?skl_id=6"
"http://static.rada.gov.ua/dep_img5/nu21.jpg","","http://itd.rada.gov.ua/mps/info/expage/2323/6","Мартиненко Микола Володимирович","268","http://w1.c1.rada.gov.ua/pls/site2/fetch_mps?skl_id=6"
"http://static.rada.gov.ua/dep_img5/kpu2.jpg","","http://itd.rada.gov.ua/mps/info/expage/2096/6","Мартинюк Адам Іванович","269","http://w1.c1.rada.gov.ua/pls/site2/fetch_mps?skl_id=6"
"http://static.rada.gov.ua/dep_img5/nu38.jpg","","http://itd.rada.gov.ua/mps/info/expage/8823/6","Марущенко Володимир Станіславович","270","http://w1.c1.rada.gov.ua/pls/site2/fetch_mps?skl_id=6"
"http://static.rada.gov.ua/dep_img5/kpu8.jpg","","http://itd.rada.gov.ua/mps/info/expage/2121/6","Матвєєв Валентин Григорович","271","http://w1.c1.rada.gov.ua/pls/site2/fetch_mps?skl_id=6"
"http://static.rada.gov.ua/dep_img5/nu12.jpg","","http://itd.rada.gov.ua/mps/info/expage/2262/6","Матвієнко Анатолій Сергійович","272","http://w1.c1.rada.gov.ua/pls/site2/fetch_mps?skl_id=6"
"http://static.rada.gov.ua/dep_img5/spu25.jpg","","http://itd.rada.gov.ua/mps/info/expage/2356/6","Матвієнков Сергій Анатолійович","273","http://w1.c1.rada.gov.ua/pls/site2/fetch_mps?skl_id=6"
"http://static.rada.gov.ua/dep_img5/reg102.jpg","","http://itd.rada.gov.ua/mps/info/expage/5500/6","Матвійчук Едуард Леонідович","274","http://w1.c1.rada.gov.ua/pls/site2/fetch_mps?skl_id=6"
"http://static.rada.gov.ua/dep_img5/reg177.jpg","","http://itd.rada.gov.ua/mps/info/expage/8824/6","Матюха Валерія Валеріївна","275","http://w1.c1.rada.gov.ua/pls/site2/fetch_mps?skl_id=6"
"http://static.rada.gov.ua/dep_img5/reg143.jpg","","http://itd.rada.gov.ua/mps/info/expage/2178/6","Мельник Петро Володимирович","276","http://w1.c1.rada.gov.ua/pls/site2/fetch_mps?skl_id=6"
"http://static.rada.gov.ua/dep_img5/reg84.jpg","","http://itd.rada.gov.ua/mps/info/expage/8825/6","Мельник Станіслав Анатолійович","277","http://w1.c1.rada.gov.ua/pls/site2/fetch_mps?skl_id=6"
"http://static.rada.gov.ua/dep_img5/spu38.jpg","","http://itd.rada.gov.ua/mps/info/expage/5379/6","Мельничук Михайло Васильович","278","http://w1.c1.rada.gov.ua/pls/site2/fetch_mps?skl_id=6"
"http://static.rada.gov.ua/dep_img5/spu18.jpg","","http://itd.rada.gov.ua/mps/info/expage/1858/6","Мендусь Ярослав Петрович","279","http://w1.c1.rada.gov.ua/pls/site2/fetch_mps?skl_id=6"
"http://static.rada.gov.ua/dep_img5/reg124.jpg","","http://itd.rada.gov.ua/mps/info/expage/8708/6","Мироненко Михайло Іванович","280","http://w1.c1.rada.gov.ua/pls/site2/fetch_mps?skl_id=6"
"http://static.rada.gov.ua/dep_img5/reg123.jpg","","http://itd.rada.gov.ua/mps/info/expage/8826/6","Мірошниченко Юрій Романович","281","http://w1.c1.rada.gov.ua/pls/site2/fetch_mps?skl_id=6"
"http://static.rada.gov.ua/dep_img5/reg195.jpg","","http://itd.rada.gov.ua/mps/info/expage/9783/6","Мітрошкін Ігор Олександрович","282","http://w1.c1.rada.gov.ua/pls/site2/fetch_mps?skl_id=6"
"http://static.rada.gov.ua/dep_img5/but57.jpg","","http://itd.rada.gov.ua/mps/info/expage/8827/6","Міщенко Сергій Григорович","283","http://w1.c1.rada.gov.ua/pls/site2/fetch_mps?skl_id=6"
"http://static.rada.gov.ua/dep_img5/nu46.jpg","","http://itd.rada.gov.ua/mps/info/expage/5468/6","Мойсик Володимир Романович","284","http://w1.c1.rada.gov.ua/pls/site2/fetch_mps?skl_id=6"
"http://static.rada.gov.ua/dep_img5/reg57.jpg","","http://itd.rada.gov.ua/mps/info/expage/8828/6","Момот Сергій Васильович","285","http://w1.c1.rada.gov.ua/pls/site2/fetch_mps?skl_id=6"
"http://static.rada.gov.ua/dep_img5/spu24.jpg","","http://itd.rada.gov.ua/mps/info/expage/8175/6","Мордовець Леонід Михайлович","286","http://w1.c1.rada.gov.ua/pls/site2/fetch_mps?skl_id=6"
"http://static.rada.gov.ua/dep_img5/spu1.jpg","","http://itd.rada.gov.ua/mps/info/expage/381/6","Мороз Олександр Олександрович","287","http://w1.c1.rada.gov.ua/pls/site2/fetch_mps?skl_id=6"
"http://static.rada.gov.ua/dep_img5/but29.jpg","","http://itd.rada.gov.ua/mps/info/expage/8695/6","Мостіпан Уляна Миколаївна","288","http://w1.c1.rada.gov.ua/pls/site2/fetch_mps?skl_id=6"
"http://static.rada.gov.ua/dep_img5/reg159.jpg","","http://itd.rada.gov.ua/mps/info/expage/8829/6","Муц Орест Павлович","289","http://w1.c1.rada.gov.ua/pls/site2/fetch_mps?skl_id=6"
"http://static.rada.gov.ua/dep_img5/but103.jpg","","http://itd.rada.gov.ua/mps/info/expage/8709/6","Надоша Олег Володимирович","290","http://w1.c1.rada.gov.ua/pls/site2/fetch_mps?skl_id=6"
"http://static.rada.gov.ua/dep_img5/reg134.jpg","","http://itd.rada.gov.ua/mps/info/expage/5481/6","Наконечний Володимир Леонтієвич","291","http://w1.c1.rada.gov.ua/pls/site2/fetch_mps?skl_id=6"
"http://static.rada.gov.ua/dep_img5/kpu12.jpg","","http://itd.rada.gov.ua/mps/info/expage/2094/6","Наливайко Анатолій Михайлович","292","http://w1.c1.rada.gov.ua/pls/site2/fetch_mps?skl_id=6"
"http://static.rada.gov.ua/dep_img5/but46.jpg","","http://itd.rada.gov.ua/mps/info/expage/8830/6","Немиря Григорій Михайлович","293","http://w1.c1.rada.gov.ua/pls/site2/fetch_mps?skl_id=6"
"http://static.rada.gov.ua/dep_img5/reg169.jpg","","http://itd.rada.gov.ua/mps/info/expage/8831/6","Нетецька Олена Анатоліївна","294","http://w1.c1.rada.gov.ua/pls/site2/fetch_mps?skl_id=6"
"http://static.rada.gov.ua/dep_img5/spu3.jpg","","http://itd.rada.gov.ua/mps/info/expage/762/6","Ніколаєнко Станіслав Миколайович","295","http://w1.c1.rada.gov.ua/pls/site2/fetch_mps?skl_id=6"
"http://static.rada.gov.ua/dep_img5/nu53.jpg","","http://itd.rada.gov.ua/mps/info/expage/5656/6","Одайник Микола Миколайович","296","http://w1.c1.rada.gov.ua/pls/site2/fetch_mps?skl_id=6"
"http://static.rada.gov.ua/dep_img5/but128.jpg","","http://itd.rada.gov.ua/mps/info/expage/8832/6","Одарченко Юрій Віталійович","297","http://w1.c1.rada.gov.ua/pls/site2/fetch_mps?skl_id=6"
"http://static.rada.gov.ua/dep_img5/but30.jpg","","http://itd.rada.gov.ua/mps/info/expage/6592/6","Олійник Володимир Миколайович","298","http://w1.c1.rada.gov.ua/pls/site2/fetch_mps?skl_id=6"
"http://static.rada.gov.ua/dep_img5/but86.jpg","","http://itd.rada.gov.ua/mps/info/expage/8833/6","Олійник Святослав Васильович","299","http://w1.c1.rada.gov.ua/pls/site2/fetch_mps?skl_id=6"
"http://static.rada.gov.ua/dep_img5/but7.jpg","","http://itd.rada.gov.ua/mps/info/expage/1093/6","Омельченко Григорій Омелянович","300","http://w1.c1.rada.gov.ua/pls/site2/fetch_mps?skl_id=6"
"http://static.rada.gov.ua/dep_img5/nu61.jpg","","http://itd.rada.gov.ua/mps/info/expage/5497/6","Омельченко Олександр Олександрович","301","http://w1.c1.rada.gov.ua/pls/site2/fetch_mps?skl_id=6"
"http://static.rada.gov.ua/dep_img5/nu13.jpg","","http://itd.rada.gov.ua/mps/info/expage/5428/6","Оніщук Микола Васильович","302","http://w1.c1.rada.gov.ua/pls/site2/fetch_mps?skl_id=6"
"http://static.rada.gov.ua/dep_img5/but4.jpg","","http://itd.rada.gov.ua/mps/info/expage/2216/6","Онопенко Василь Васильович","303","http://w1.c1.rada.gov.ua/pls/site2/fetch_mps?skl_id=6"
"http://static.rada.gov.ua/dep_img5/kpu20.jpg","","http://itd.rada.gov.ua/mps/info/expage/2143/6","Оплачко Володимир Миколайович","304","http://w1.c1.rada.gov.ua/pls/site2/fetch_mps?skl_id=6"
"http://static.rada.gov.ua/dep_img5/reg87.jpg","","http://itd.rada.gov.ua/mps/info/expage/8834/6","Орлов Андрій Вікторович","305","http://w1.c1.rada.gov.ua/pls/site2/fetch_mps?skl_id=6"
"http://static.rada.gov.ua/dep_img5/nu18.jpg","","http://itd.rada.gov.ua/mps/info/expage/1169/6","Оробець Юрій Миколайович","306","http://w1.c1.rada.gov.ua/pls/site2/fetch_mps?skl_id=6"
"http://static.rada.gov.ua/dep_img5/but51.jpg","","http://itd.rada.gov.ua/mps/info/expage/5420/6","Осика Сергій Григорович","307","http://w1.c1.rada.gov.ua/pls/site2/fetch_mps?skl_id=6"
"http://static.rada.gov.ua/dep_img5/reg50.jpg","","http://itd.rada.gov.ua/mps/info/expage/802/6","Павленко Едуард Іванович","308","http://w1.c1.rada.gov.ua/pls/site2/fetch_mps?skl_id=6"
"http://static.rada.gov.ua/dep_img5/nu22.jpg","","http://itd.rada.gov.ua/mps/info/expage/5380/6","Павленко Юрій Олексійович","309","http://w1.c1.rada.gov.ua/pls/site2/fetch_mps?skl_id=6"
"http://static.rada.gov.ua/dep_img5/reg120.jpg","","http://itd.rada.gov.ua/mps/info/expage/856/6","Панасовський Олег Григорович","310","http://w1.c1.rada.gov.ua/pls/site2/fetch_mps?skl_id=6"
"http://static.rada.gov.ua/dep_img5/kpu5.jpg","","http://itd.rada.gov.ua/mps/info/expage/858/6","Парубок Омелян Никонович","311","http://w1.c1.rada.gov.ua/pls/site2/fetch_mps?skl_id=6"
"http://static.rada.gov.ua/dep_img5/reg150.jpg","","http://itd.rada.gov.ua/mps/info/expage/8835/6","Пачесюк Сергій Никонович","312","http://w1.c1.rada.gov.ua/pls/site2/fetch_mps?skl_id=6"
"http://static.rada.gov.ua/dep_img5/but101.jpg","","http://itd.rada.gov.ua/mps/info/expage/8696/6","Пашинський Сергій Володимирович","313","http://w1.c1.rada.gov.ua/pls/site2/fetch_mps?skl_id=6"
"http://static.rada.gov.ua/dep_img5/reg44.jpg","","http://itd.rada.gov.ua/mps/info/expage/5400/6","Пеклушенко Олександр Миколайович","314","http://w1.c1.rada.gov.ua/pls/site2/fetch_mps?skl_id=6"
"http://static.rada.gov.ua/dep_img5/but40.jpg","","http://itd.rada.gov.ua/mps/info/expage/6398/6","Петренко Вадим Михайлович","315","http://w1.c1.rada.gov.ua/pls/site2/fetch_mps?skl_id=6"
"http://static.rada.gov.ua/dep_img5/reg202.jpg","","http://itd.rada.gov.ua/mps/info/expage/9988/6","Петрик Петро Пантилемонович","316","http://w1.c1.rada.gov.ua/pls/site2/fetch_mps?skl_id=6"
"http://static.rada.gov.ua/dep_img5/reg36.jpg","","http://itd.rada.gov.ua/mps/info/expage/8836/6","Петров Борис Федорович","317","http://w1.c1.rada.gov.ua/pls/site2/fetch_mps?skl_id=6"
"http://static.rada.gov.ua/dep_img5/reg163.jpg","","http://itd.rada.gov.ua/mps/info/expage/8710/6","Петросов Валерій Альбертович","318","http://w1.c1.rada.gov.ua/pls/site2/fetch_mps?skl_id=6"
"http://static.rada.gov.ua/dep_img5/but9.jpg","","http://itd.rada.gov.ua/mps/info/expage/8837/6","Петрук Микола Миколайович","319","http://w1.c1.rada.gov.ua/pls/site2/fetch_mps?skl_id=6"
"http://static.rada.gov.ua/dep_img5/but102.jpg","","http://itd.rada.gov.ua/mps/info/expage/8697/6","Пєрєдєрій В'ячеслав Григорович","320","http://w1.c1.rada.gov.ua/pls/site2/fetch_mps?skl_id=6"
"http://static.rada.gov.ua/dep_img5/reg130.jpg","","http://itd.rada.gov.ua/mps/info/expage/1172/6","Пєхота Володимир Юлійович","321","http://w1.c1.rada.gov.ua/pls/site2/fetch_mps?skl_id=6"
"http://static.rada.gov.ua/dep_img5/but75.jpg","","http://itd.rada.gov.ua/mps/info/expage/8838/6","Писаренко Валерій Володимирович","322","http://w1.c1.rada.gov.ua/pls/site2/fetch_mps?skl_id=6"
"http://static.rada.gov.ua/dep_img5/reg132.jpg","","http://itd.rada.gov.ua/mps/info/expage/5585/6","Писарчук Петро Іванович","323","http://w1.c1.rada.gov.ua/pls/site2/fetch_mps?skl_id=6"
"http://static.rada.gov.ua/dep_img5/reg188.jpg","","http://itd.rada.gov.ua/mps/info/expage/7892/6","Пінчук Андрій Павлович","324","http://w1.c1.rada.gov.ua/pls/site2/fetch_mps?skl_id=6"
"http://static.rada.gov.ua/dep_img5/reg96.jpg","","http://itd.rada.gov.ua/mps/info/expage/8839/6","Піскун Святослав Михайлович","325","http://w1.c1.rada.gov.ua/pls/site2/fetch_mps?skl_id=6"
"http://static.rada.gov.ua/dep_img5/reg113.jpg","","http://itd.rada.gov.ua/mps/info/expage/8840/6","Плотніков Олексій Віталійович","326","http://w1.c1.rada.gov.ua/pls/site2/fetch_mps?skl_id=6"
"http://static.rada.gov.ua/dep_img5/nu74.jpg","","http://itd.rada.gov.ua/mps/info/expage/775/6","Поживанов Михайло Олександрович","327","http://w1.c1.rada.gov.ua/pls/site2/fetch_mps?skl_id=6"
"http://static.rada.gov.ua/dep_img5/but117.jpg","","http://itd.rada.gov.ua/mps/info/expage/8700/6","Поліщук Сергій Володимирович","328","http://w1.c1.rada.gov.ua/pls/site2/fetch_mps?skl_id=6"
"http://static.rada.gov.ua/dep_img5/but50.jpg","","http://itd.rada.gov.ua/mps/info/expage/8841/6","Полохало Володимир Іванович","329","http://w1.c1.rada.gov.ua/pls/site2/fetch_mps?skl_id=6"
"http://static.rada.gov.ua/dep_img5/spu30.jpg","","http://itd.rada.gov.ua/mps/info/expage/8842/6","Поляков Василь Леонідович","330","http://w1.c1.rada.gov.ua/pls/site2/fetch_mps?skl_id=6"
"http://static.rada.gov.ua/dep_img5/nu42.jpg","","http://itd.rada.gov.ua/mps/info/expage/5432/6","Полянчич Михайло Михайлович","331","http://w1.c1.rada.gov.ua/pls/site2/fetch_mps?skl_id=6"
"http://static.rada.gov.ua/dep_img5/nu32.jpg","","http://itd.rada.gov.ua/mps/info/expage/8843/6","Поляченко Володимир Аврумович","332","http://w1.c1.rada.gov.ua/pls/site2/fetch_mps?skl_id=6"
"http://static.rada.gov.ua/dep_img5/kpu18.jpg","","http://itd.rada.gov.ua/mps/info/expage/657/6","Пономаренко Георгій Григорович","333","http://w1.c1.rada.gov.ua/pls/site2/fetch_mps?skl_id=6"
"http://static.rada.gov.ua/dep_img5/reg173.jpg","","http://itd.rada.gov.ua/mps/info/expage/777/6","Попеску Іван Васильович","334","http://w1.c1.rada.gov.ua/pls/site2/fetch_mps?skl_id=6"
"http://static.rada.gov.ua/dep_img5/nu33.jpg","","http://itd.rada.gov.ua/mps/info/expage/2273/6","Порошенко Петро Олексійович","335","http://w1.c1.rada.gov.ua/pls/site2/fetch_mps?skl_id=6"
"http://static.rada.gov.ua/dep_img5/but66.jpg","","http://itd.rada.gov.ua/mps/info/expage/8699/6","Портнов Андрій Володимирович","336","http://w1.c1.rada.gov.ua/pls/site2/fetch_mps?skl_id=6"
"http://static.rada.gov.ua/dep_img5/reg30.jpg","","http://itd.rada.gov.ua/mps/info/expage/5543/6","Потапов Василь Іванович","337","http://w1.c1.rada.gov.ua/pls/site2/fetch_mps?skl_id=6"
"http://static.rada.gov.ua/dep_img5/but109.jpg","","http://itd.rada.gov.ua/mps/info/expage/2355/6","Потімков Сергій Юрійович","338","http://w1.c1.rada.gov.ua/pls/site2/fetch_mps?skl_id=6"
"http://static.rada.gov.ua/dep_img5/reg43.jpg","","http://itd.rada.gov.ua/mps/info/expage/8844/6","Прасолов Ігор Миколайович","339","http://w1.c1.rada.gov.ua/pls/site2/fetch_mps?skl_id=6"
"http://static.rada.gov.ua/dep_img5/reg21.jpg","","http://itd.rada.gov.ua/mps/info/expage/8845/6","Пригодський Антон Вікентійович","340","http://w1.c1.rada.gov.ua/pls/site2/fetch_mps?skl_id=6"
"http://static.rada.gov.ua/dep_img5/reg99.jpg","","http://itd.rada.gov.ua/mps/info/expage/8846/6","Присяжнюк Микола Володимирович","341","http://w1.c1.rada.gov.ua/pls/site2/fetch_mps?skl_id=6"
"http://static.rada.gov.ua/dep_img5/reg68.jpg","","http://itd.rada.gov.ua/mps/info/expage/8847/6","Притика Дмитро Микитович","342","http://w1.c1.rada.gov.ua/pls/site2/fetch_mps?skl_id=6"
"http://static.rada.gov.ua/dep_img5/reg45.jpg","","http://itd.rada.gov.ua/mps/info/expage/8848/6","Прокопенко Віктор Євгенович","343","http://w1.c1.rada.gov.ua/pls/site2/fetch_mps?skl_id=6"
"http://static.rada.gov.ua/dep_img5/nu27.jpg","","http://itd.rada.gov.ua/mps/info/expage/8849/6","Прокопович Наталія Володимирівна","344","http://w1.c1.rada.gov.ua/pls/site2/fetch_mps?skl_id=6"
"http://static.rada.gov.ua/dep_img5/reg55.jpg","","http://itd.rada.gov.ua/mps/info/expage/8850/6","Прутнік Едуард Анатолійович","345","http://w1.c1.rada.gov.ua/pls/site2/fetch_mps?skl_id=6"
"http://static.rada.gov.ua/dep_img5/reg128.jpg","","http://itd.rada.gov.ua/mps/info/expage/8851/6","Пшонка Артем Вікторович","346","http://w1.c1.rada.gov.ua/pls/site2/fetch_mps?skl_id=6"
"http://static.rada.gov.ua/dep_img5/reg157.jpg","","http://itd.rada.gov.ua/mps/info/expage/8852/6","Радзієвський Олексій Васильович","347","http://w1.c1.rada.gov.ua/pls/site2/fetch_mps?skl_id=6"
"http://static.rada.gov.ua/dep_img5/but110.jpg","","http://itd.rada.gov.ua/mps/info/expage/8853/6","Радковський Олег Володимирович","348","http://w1.c1.rada.gov.ua/pls/site2/fetch_mps?skl_id=6"
"http://static.rada.gov.ua/dep_img5/but131.jpg","","http://itd.rada.gov.ua/mps/info/expage/8854/6","Радовець Арнольд Анатолійович","349","http://w1.c1.rada.gov.ua/pls/site2/fetch_mps?skl_id=6"
"http://static.rada.gov.ua/dep_img5/reg198.jpg","","http://itd.rada.gov.ua/mps/info/expage/8115/6","Разгоняєв Михайло Васильович","350","http://w1.c1.rada.gov.ua/pls/site2/fetch_mps?skl_id=6"
"http://static.rada.gov.ua/dep_img5/reg13.jpg","","http://itd.rada.gov.ua/mps/info/expage/2281/6","Рибак Володимир Васильович","351","http://w1.c1.rada.gov.ua/pls/site2/fetch_mps?skl_id=6"
"http://static.rada.gov.ua/dep_img5/but78.jpg","","http://itd.rada.gov.ua/mps/info/expage/7559/6","Рибаков Ігор Олександрович","352","http://w1.c1.rada.gov.ua/pls/site2/fetch_mps?skl_id=6"
"http://static.rada.gov.ua/dep_img5/reg189.jpg","","http://itd.rada.gov.ua/mps/info/expage/8903/6","Рижук Сергій Миколайович","353","http://w1.c1.rada.gov.ua/pls/site2/fetch_mps?skl_id=6"
"http://static.rada.gov.ua/dep_img5/reg111.jpg","","http://itd.rada.gov.ua/mps/info/expage/5501/6","Римарук Олександр Іванович","354","http://w1.c1.rada.gov.ua/pls/site2/fetch_mps?skl_id=6"
"http://static.rada.gov.ua/dep_img5/reg148.jpg","","http://itd.rada.gov.ua/mps/info/expage/8855/6","Романюк Микола Прокопович","355","http://w1.c1.rada.gov.ua/pls/site2/fetch_mps?skl_id=6"
"http://static.rada.gov.ua/dep_img5/reg194.jpg","","http://itd.rada.gov.ua/mps/info/expage/8916/6","Руднік Анатолій Андрійович","356","http://w1.c1.rada.gov.ua/pls/site2/fetch_mps?skl_id=6"
"http://static.rada.gov.ua/dep_img5/spu14.jpg","","http://itd.rada.gov.ua/mps/info/expage/4317/6","Рудьковський Микола Миколайович","357","http://w1.c1.rada.gov.ua/pls/site2/fetch_mps?skl_id=6"
"http://static.rada.gov.ua/dep_img5/nu63.jpg","","http://itd.rada.gov.ua/mps/info/expage/8222/6","Ружицький Антон Матвійович","358","http://w1.c1.rada.gov.ua/pls/site2/fetch_mps?skl_id=6"
"http://static.rada.gov.ua/dep_img5/but127.jpg","","http://itd.rada.gov.ua/mps/info/expage/8556/6","Рябека Олександр Григорович","359","http://w1.c1.rada.gov.ua/pls/site2/fetch_mps?skl_id=6"
"http://static.rada.gov.ua/dep_img5/spu35.jpg","","http://itd.rada.gov.ua/mps/info/expage/9336/6","Савосін Геннадій Анатолійович","360","http://w1.c1.rada.gov.ua/pls/site2/fetch_mps?skl_id=6"
"http://static.rada.gov.ua/dep_img5/reg32.jpg","","http://itd.rada.gov.ua/mps/info/expage/8856/6","Савчук Олександр Володимирович","361","http://w1.c1.rada.gov.ua/pls/site2/fetch_mps?skl_id=6"
"http://static.rada.gov.ua/dep_img5/spu23.jpg","","http://itd.rada.gov.ua/mps/info/expage/7812/6","Садовий Микола Ілліч","362","http://w1.c1.rada.gov.ua/pls/site2/fetch_mps?skl_id=6"
"http://static.rada.gov.ua/dep_img5/reg88.jpg","","http://itd.rada.gov.ua/mps/info/expage/8857/6","Саламатін Дмитро Альбертович","363","http://w1.c1.rada.gov.ua/pls/site2/fetch_mps?skl_id=6"
"http://static.rada.gov.ua/dep_img5/reg58.jpg","","http://itd.rada.gov.ua/mps/info/expage/8858/6","Самойленко Юрій Павлович","364","http://w1.c1.rada.gov.ua/pls/site2/fetch_mps?skl_id=6"
"http://static.rada.gov.ua/dep_img5/kpu4.jpg","","http://itd.rada.gov.ua/mps/info/expage/876/6","Самойлик Катерина Семенівна","365","http://w1.c1.rada.gov.ua/pls/site2/fetch_mps?skl_id=6"
"http://static.rada.gov.ua/dep_img5/reg100.jpg","","http://itd.rada.gov.ua/mps/info/expage/877/6","Самофалов Геннадій Григорович","366","http://w1.c1.rada.gov.ua/pls/site2/fetch_mps?skl_id=6"
"http://static.rada.gov.ua/dep_img5/reg82.jpg","","http://itd.rada.gov.ua/mps/info/expage/5507/6","Сандлер Дмитро Михайлович","367","http://w1.c1.rada.gov.ua/pls/site2/fetch_mps?skl_id=6"
"http://static.rada.gov.ua/dep_img5/but17.jpg","","http://itd.rada.gov.ua/mps/info/expage/878/6","Сас Сергій Володимирович","368","http://w1.c1.rada.gov.ua/pls/site2/fetch_mps?skl_id=6"
"http://static.rada.gov.ua/dep_img5/reg41.jpg","","http://itd.rada.gov.ua/mps/info/expage/5476/6","Сафіуллін Равіль Сафович","369","http://w1.c1.rada.gov.ua/pls/site2/fetch_mps?skl_id=6"
"http://static.rada.gov.ua/dep_img5/reg63.jpg","","http://itd.rada.gov.ua/mps/info/expage/5541/6","Святаш Дмитро Володимирович","370","http://w1.c1.rada.gov.ua/pls/site2/fetch_mps?skl_id=6"
"http://static.rada.gov.ua/dep_img5/reg83.jpg","","http://itd.rada.gov.ua/mps/info/expage/8860/6","Селіваров Андрій Борисович","371","http://w1.c1.rada.gov.ua/pls/site2/fetch_mps?skl_id=6"
"http://static.rada.gov.ua/dep_img5/spu2.jpg","","http://itd.rada.gov.ua/mps/info/expage/880/6","Семенюк Валентина Петрівна","372","http://w1.c1.rada.gov.ua/pls/site2/fetch_mps?skl_id=6"
"http://static.rada.gov.ua/dep_img5/but15.jpg","","http://itd.rada.gov.ua/mps/info/expage/5405/6","Семинога Анатолій Іванович","373","http://w1.c1.rada.gov.ua/pls/site2/fetch_mps?skl_id=6"
"http://static.rada.gov.ua/dep_img5/but81.jpg","","http://itd.rada.gov.ua/mps/info/expage/8861/6","Сенченко Андрій Віленович","374","http://w1.c1.rada.gov.ua/pls/site2/fetch_mps?skl_id=6"
"http://static.rada.gov.ua/dep_img5/but96.jpg","","http://itd.rada.gov.ua/mps/info/expage/8703/6","Сербін Юрій Сергійович","375","http://w1.c1.rada.gov.ua/pls/site2/fetch_mps?skl_id=6"
"http://static.rada.gov.ua/dep_img5/but99.jpg","","http://itd.rada.gov.ua/mps/info/expage/3331/6","Сивульський Микола Іванович","376","http://w1.c1.rada.gov.ua/pls/site2/fetch_mps?skl_id=6"
"http://static.rada.gov.ua/dep_img5/kpu1.jpg","","http://itd.rada.gov.ua/mps/info/expage/884/6","Симоненко Петро Миколайович","377","http://w1.c1.rada.gov.ua/pls/site2/fetch_mps?skl_id=6"
"http://static.rada.gov.ua/dep_img5/reg136.jpg","","http://itd.rada.gov.ua/mps/info/expage/8862/6","Синиця Артем Миколайович","378","http://w1.c1.rada.gov.ua/pls/site2/fetch_mps?skl_id=6"
"http://static.rada.gov.ua/dep_img5/reg80.jpg","","http://itd.rada.gov.ua/mps/info/expage/5398/6","Сівкович Володимир Леонідович","379","http://w1.c1.rada.gov.ua/pls/site2/fetch_mps?skl_id=6"
"http://static.rada.gov.ua/dep_img5/but47.jpg","","http://itd.rada.gov.ua/mps/info/expage/2161/6","Сігал Євген Якович","380","http://w1.c1.rada.gov.ua/pls/site2/fetch_mps?skl_id=6"
"http://static.rada.gov.ua/dep_img5/but54.jpg","","http://itd.rada.gov.ua/mps/info/expage/8863/6","Сідельник Іван Іванович","381","http://w1.c1.rada.gov.ua/pls/site2/fetch_mps?skl_id=6"
"http://static.rada.gov.ua/dep_img5/spu22.jpg","","http://itd.rada.gov.ua/mps/info/expage/7160/6","Сільченко Василь Андрійович","382","http://w1.c1.rada.gov.ua/pls/site2/fetch_mps?skl_id=6"
"http://static.rada.gov.ua/dep_img5/but106.jpg","","http://itd.rada.gov.ua/mps/info/expage/887/6","Сінченко Сергій Григорович","383","http://w1.c1.rada.gov.ua/pls/site2/fetch_mps?skl_id=6"
"http://static.rada.gov.ua/dep_img5/but61.jpg","","http://itd.rada.gov.ua/mps/info/expage/8864/6","Скибінецький Олександр Матвійович","384","http://w1.c1.rada.gov.ua/pls/site2/fetch_mps?skl_id=6"
"http://static.rada.gov.ua/dep_img5/reg95.jpg","","http://itd.rada.gov.ua/mps/info/expage/8865/6","Скубашевський Станіслав Валеріанович","385","http://w1.c1.rada.gov.ua/pls/site2/fetch_mps?skl_id=6"
"http://static.rada.gov.ua/dep_img5/but104.jpg","","http://itd.rada.gov.ua/mps/info/expage/8866/6","Скубенко Володимир Петрович","386","http://w1.c1.rada.gov.ua/pls/site2/fetch_mps?skl_id=6"
"http://static.rada.gov.ua/dep_img5/reg3.jpg","","http://itd.rada.gov.ua/mps/info/expage/5522/6","Скудар Георгій Маркович","387","http://w1.c1.rada.gov.ua/pls/site2/fetch_mps?skl_id=6"
"http://static.rada.gov.ua/dep_img5/reg86.jpg","","http://itd.rada.gov.ua/mps/info/expage/5410/6","Слаута Віктор Андрійович","388","http://w1.c1.rada.gov.ua/pls/site2/fetch_mps?skl_id=6"
"http://static.rada.gov.ua/dep_img5/reg154.jpg","","http://itd.rada.gov.ua/mps/info/expage/6769/6","Слободянюк Володимир Йосипович","389","http://w1.c1.rada.gov.ua/pls/site2/fetch_mps?skl_id=6"
"http://static.rada.gov.ua/dep_img5/reg94.jpg","","http://itd.rada.gov.ua/mps/info/expage/8867/6","Смітюх Григорій Євдокимович","390","http://w1.c1.rada.gov.ua/pls/site2/fetch_mps?skl_id=6"
"http://static.rada.gov.ua/dep_img5/nu75.jpg","","http://itd.rada.gov.ua/mps/info/expage/5555/6","Сокирко Микола Васильович","391","http://w1.c1.rada.gov.ua/pls/site2/fetch_mps?skl_id=6"
"http://static.rada.gov.ua/dep_img5/reg204.jpg","","http://itd.rada.gov.ua/mps/info/expage/10261/6","Сокіл Андрій Олексійович","392","http://w1.c1.rada.gov.ua/pls/site2/fetch_mps?skl_id=6"
"http://static.rada.gov.ua/dep_img5/reg206.jpg","","http://itd.rada.gov.ua/mps/info/expage/10388/6","Солтус Павло Станіславович","393","http://w1.c1.rada.gov.ua/pls/site2/fetch_mps?skl_id=6"
"http://static.rada.gov.ua/dep_img5/spu4.jpg","","http://itd.rada.gov.ua/mps/info/expage/5459/6","Сподаренко Іван Васильович","394","http://w1.c1.rada.gov.ua/pls/site2/fetch_mps?skl_id=6"
"http://static.rada.gov.ua/dep_img5/but112.jpg","","http://itd.rada.gov.ua/mps/info/expage/6038/6","Стасів Любов Володимирівна","395","http://w1.c1.rada.gov.ua/pls/site2/fetch_mps?skl_id=6"
"http://static.rada.gov.ua/dep_img5/nu82.jpg","","http://itd.rada.gov.ua/mps/info/expage/5571/6","Сташевський Станіслав Телісфорович","396","http://w1.c1.rada.gov.ua/pls/site2/fetch_mps?skl_id=6"
"http://static.rada.gov.ua/dep_img5/reg23.jpg","","http://itd.rada.gov.ua/mps/info/expage/898/6","Стоян Олександр Миколайович","397","http://w1.c1.rada.gov.ua/pls/site2/fetch_mps?skl_id=6"
"http://static.rada.gov.ua/dep_img5/nu11.jpg","","http://itd.rada.gov.ua/mps/info/expage/785/6","Стретович Володимир Миколайович","398","http://w1.c1.rada.gov.ua/pls/site2/fetch_mps?skl_id=6"
"http://static.rada.gov.ua/dep_img5/reg47.jpg","","http://itd.rada.gov.ua/mps/info/expage/5570/6","Сулковський Павло Гнатович","399","http://w1.c1.rada.gov.ua/pls/site2/fetch_mps?skl_id=6"
"http://static.rada.gov.ua/dep_img5/but10.jpg","","http://itd.rada.gov.ua/mps/info/expage/8702/6","Суслов Євгеній Іванович","400","http://w1.c1.rada.gov.ua/pls/site2/fetch_mps?skl_id=6"
"http://static.rada.gov.ua/dep_img5/reg69.jpg","","http://itd.rada.gov.ua/mps/info/expage/3464/6","Сухий Ярослав Михайлович","401","http://w1.c1.rada.gov.ua/pls/site2/fetch_mps?skl_id=6"
"http://static.rada.gov.ua/dep_img5/but39.jpg","","http://itd.rada.gov.ua/mps/info/expage/2093/6","Сушкевич Валерій Михайлович","402","http://w1.c1.rada.gov.ua/pls/site2/fetch_mps?skl_id=6"
"http://static.rada.gov.ua/dep_img5/reg20.jpg","","http://itd.rada.gov.ua/mps/info/expage/8868/6","Табачнік Яків Піневич","403","http://w1.c1.rada.gov.ua/pls/site2/fetch_mps?skl_id=6"
"http://static.rada.gov.ua/dep_img5/nu14.jpg","","http://itd.rada.gov.ua/mps/info/expage/2255/6","Танюк Леонід Степанович","404","http://w1.c1.rada.gov.ua/pls/site2/fetch_mps?skl_id=6"
"http://static.rada.gov.ua/dep_img5/but18.jpg","","http://itd.rada.gov.ua/mps/info/expage/5384/6","Таран-Терен Віктор Васильович","405","http://w1.c1.rada.gov.ua/pls/site2/fetch_mps?skl_id=6"
"http://static.rada.gov.ua/dep_img5/spu27.jpg","","http://itd.rada.gov.ua/mps/info/expage/3757/6","Тарасов Володимир Володимирович","406","http://w1.c1.rada.gov.ua/pls/site2/fetch_mps?skl_id=6"
"http://static.rada.gov.ua/dep_img5/nu3.jpg","","http://itd.rada.gov.ua/mps/info/expage/5486/6","Тарасюк Борис Іванович","407","http://w1.c1.rada.gov.ua/pls/site2/fetch_mps?skl_id=6"
"http://static.rada.gov.ua/dep_img5/reg103.jpg","","http://itd.rada.gov.ua/mps/info/expage/8701/6","Тедеєв Ельбрус Сосланович","408","http://w1.c1.rada.gov.ua/pls/site2/fetch_mps?skl_id=6"
"http://static.rada.gov.ua/dep_img5/but16.jpg","","http://itd.rada.gov.ua/mps/info/expage/979/6","Терьохін Сергій Анатолійович","409","http://w1.c1.rada.gov.ua/pls/site2/fetch_mps?skl_id=6"
"http://static.rada.gov.ua/dep_img5/but1.jpg","","http://itd.rada.gov.ua/mps/info/expage/1792/6","Тимошенко Юлія Володимирівна","410","http://w1.c1.rada.gov.ua/pls/site2/fetch_mps?skl_id=6"
"http://static.rada.gov.ua/dep_img5/reg8.jpg","","http://itd.rada.gov.ua/mps/info/expage/8869/6","Тихонов Віктор Миколайович","411","http://w1.c1.rada.gov.ua/pls/site2/fetch_mps?skl_id=6"
"http://static.rada.gov.ua/dep_img5/but90.jpg","","http://itd.rada.gov.ua/mps/info/expage/8870/6","Ткаченко Володимир Володимирович","412","http://w1.c1.rada.gov.ua/pls/site2/fetch_mps?skl_id=6"
"http://static.rada.gov.ua/dep_img5/kpu9.jpg","","http://itd.rada.gov.ua/mps/info/expage/638/6","Ткаченко Олександр Миколайович","413","http://w1.c1.rada.gov.ua/pls/site2/fetch_mps?skl_id=6"
"http://static.rada.gov.ua/dep_img5/but80.jpg","","http://itd.rada.gov.ua/mps/info/expage/8871/6","Толстенко Володимир Леонідович","414","http://w1.c1.rada.gov.ua/pls/site2/fetch_mps?skl_id=6"
"http://static.rada.gov.ua/dep_img5/but3.jpg","","http://itd.rada.gov.ua/mps/info/expage/5415/6","Томенко Микола Володимирович","415","http://w1.c1.rada.gov.ua/pls/site2/fetch_mps?skl_id=6"
"http://static.rada.gov.ua/dep_img5/nu77.jpg","","http://itd.rada.gov.ua/mps/info/expage/5597/6","Тополов Віктор Семенович","416","http://w1.c1.rada.gov.ua/pls/site2/fetch_mps?skl_id=6"
"http://static.rada.gov.ua/dep_img5/nu41.jpg","","http://itd.rada.gov.ua/mps/info/expage/5504/6","Третьяков Олександр Юрійович","417","http://w1.c1.rada.gov.ua/pls/site2/fetch_mps?skl_id=6"
"http://static.rada.gov.ua/dep_img5/but84.jpg","","http://itd.rada.gov.ua/mps/info/expage/6454/6","Триндюк Юрій Григорович","418","http://w1.c1.rada.gov.ua/pls/site2/fetch_mps?skl_id=6"
"http://static.rada.gov.ua/dep_img5/reg49.jpg","","http://itd.rada.gov.ua/mps/info/expage/8872/6","Тулуб Сергій Борисович","419","http://w1.c1.rada.gov.ua/pls/site2/fetch_mps?skl_id=6"
"http://static.rada.gov.ua/dep_img5/reg25.jpg","","http://itd.rada.gov.ua/mps/info/expage/5525/6","Турманов Віктор Іванович","420","http://w1.c1.rada.gov.ua/pls/site2/fetch_mps?skl_id=6"
"http://static.rada.gov.ua/dep_img5/but2.jpg","","http://itd.rada.gov.ua/mps/info/expage/2086/6","Турчинов Олександр Валентинович","421","http://w1.c1.rada.gov.ua/pls/site2/fetch_mps?skl_id=6"
"http://static.rada.gov.ua/dep_img5/nu31.jpg","","http://itd.rada.gov.ua/mps/info/expage/2150/6","Удовенко Геннадій Йосипович","422","http://w1.c1.rada.gov.ua/pls/site2/fetch_mps?skl_id=6"
"http://static.rada.gov.ua/dep_img5/spu37.jpg","","http://itd.rada.gov.ua/mps/info/expage/10123/6","Урбанський Ігор Анатолійович","423","http://w1.c1.rada.gov.ua/pls/site2/fetch_mps?skl_id=6"
"http://static.rada.gov.ua/dep_img5/reg196.jpg","","http://itd.rada.gov.ua/mps/info/expage/9784/6","Фалько Володимир Іванович","424","http://w1.c1.rada.gov.ua/pls/site2/fetch_mps?skl_id=6"
"http://static.rada.gov.ua/dep_img5/but12.jpg","","http://itd.rada.gov.ua/mps/info/expage/8258/6","Федорчук Ярослав Петрович","425","http://w1.c1.rada.gov.ua/pls/site2/fetch_mps?skl_id=6"
"http://static.rada.gov.ua/dep_img5/nu66.jpg","","http://itd.rada.gov.ua/mps/info/expage/8873/6","Федун Олексій Леонідович","426","http://w1.c1.rada.gov.ua/pls/site2/fetch_mps?skl_id=6"
"http://static.rada.gov.ua/dep_img5/but43.jpg","","http://itd.rada.gov.ua/mps/info/expage/5542/6","Фельдман Олександр Борисович","427","http://w1.c1.rada.gov.ua/pls/site2/fetch_mps?skl_id=6"
"http://static.rada.gov.ua/dep_img5/reg137.jpg","","http://itd.rada.gov.ua/mps/info/expage/8712/6","Фесенко Леонід Іванович","428","http://w1.c1.rada.gov.ua/pls/site2/fetch_mps?skl_id=6"
"http://static.rada.gov.ua/dep_img5/spu29.jpg","","http://itd.rada.gov.ua/mps/info/expage/7139/6","Філіндаш Євген Васильович","429","http://w1.c1.rada.gov.ua/pls/site2/fetch_mps?skl_id=6"
"http://static.rada.gov.ua/dep_img5/reg24.jpg","","http://itd.rada.gov.ua/mps/info/expage/2103/6","Хара Василь Георгійович","430","http://w1.c1.rada.gov.ua/pls/site2/fetch_mps?skl_id=6"
"http://static.rada.gov.ua/dep_img5/but60.jpg","","http://itd.rada.gov.ua/mps/info/expage/2199/6","Хмельницький Василь Іванович","431","http://w1.c1.rada.gov.ua/pls/site2/fetch_mps?skl_id=6"
"http://static.rada.gov.ua/dep_img5/reg15.jpg","","http://itd.rada.gov.ua/mps/info/expage/5549/6","Хомутиннік Віталій Юрійович","432","http://w1.c1.rada.gov.ua/pls/site2/fetch_mps?skl_id=6"
"http://static.rada.gov.ua/dep_img5/reg147.jpg","","http://itd.rada.gov.ua/mps/info/expage/8874/6","Цапюк Степан Кирилович","433","http://w1.c1.rada.gov.ua/pls/site2/fetch_mps?skl_id=6"
"http://static.rada.gov.ua/dep_img5/reg35.jpg","","http://itd.rada.gov.ua/mps/info/expage/5560/6","Царьов Олег Анатолійович","434","http://w1.c1.rada.gov.ua/pls/site2/fetch_mps?skl_id=6"
"http://static.rada.gov.ua/dep_img5/kpu10.jpg","","http://itd.rada.gov.ua/mps/info/expage/920/6","Цибенко Петро Степанович","435","http://w1.c1.rada.gov.ua/pls/site2/fetch_mps?skl_id=6"
"http://static.rada.gov.ua/dep_img5/spu12.jpg","","http://itd.rada.gov.ua/mps/info/expage/921/6","Цушко Василь Петрович","436","http://w1.c1.rada.gov.ua/pls/site2/fetch_mps?skl_id=6"
"http://static.rada.gov.ua/dep_img5/reg186.jpg","","http://itd.rada.gov.ua/mps/info/expage/8875/6","Цюрко Петро Іванович","437","http://w1.c1.rada.gov.ua/pls/site2/fetch_mps?skl_id=6"
"http://static.rada.gov.ua/dep_img5/but87.jpg","","http://itd.rada.gov.ua/mps/info/expage/8715/6","Чепинога Віталій Михайлович","438","http://w1.c1.rada.gov.ua/pls/site2/fetch_mps?skl_id=6"
"http://static.rada.gov.ua/dep_img5/spu5.jpg","","http://itd.rada.gov.ua/mps/info/expage/8876/6","Червонописький Сергій Васильович","439","http://w1.c1.rada.gov.ua/pls/site2/fetch_mps?skl_id=6"
"http://static.rada.gov.ua/dep_img5/reg144.jpg","","http://itd.rada.gov.ua/mps/info/expage/8877/6","Черноморов Олександр Миколайович","440","http://w1.c1.rada.gov.ua/pls/site2/fetch_mps?skl_id=6"
"http://static.rada.gov.ua/dep_img5/reg85.jpg","","http://itd.rada.gov.ua/mps/info/expage/8878/6","Чертков Юрій Дмитрович","441","http://w1.c1.rada.gov.ua/pls/site2/fetch_mps?skl_id=6"
"http://static.rada.gov.ua/dep_img5/reg112.jpg","","http://itd.rada.gov.ua/mps/info/expage/926/6","Чечетов Михайло Васильович","442","http://w1.c1.rada.gov.ua/pls/site2/fetch_mps?skl_id=6"
"http://static.rada.gov.ua/dep_img5/but23.jpg","","http://itd.rada.gov.ua/mps/info/expage/2140/6","Чичков Валерій Михайлович","443","http://w1.c1.rada.gov.ua/pls/site2/fetch_mps?skl_id=6"
"http://static.rada.gov.ua/dep_img5/reg181.jpg","","http://itd.rada.gov.ua/mps/info/expage/8879/6","Чмирь Юрій Павлович","444","http://w1.c1.rada.gov.ua/pls/site2/fetch_mps?skl_id=6"
"http://static.rada.gov.ua/dep_img5/spu33.jpg","","http://itd.rada.gov.ua/mps/info/expage/8880/6","Чмирь Сергій Михайлович","445","http://w1.c1.rada.gov.ua/pls/site2/fetch_mps?skl_id=6"
"http://static.rada.gov.ua/dep_img5/reg4.jpg","","http://itd.rada.gov.ua/mps/info/expage/5448/6","Чорновіл Тарас Вячеславович","446","http://w1.c1.rada.gov.ua/pls/site2/fetch_mps?skl_id=6"
"http://static.rada.gov.ua/dep_img5/nu51.jpg","","http://itd.rada.gov.ua/mps/info/expage/2529/6","Чорноволенко Олександр Віленович","447","http://w1.c1.rada.gov.ua/pls/site2/fetch_mps?skl_id=6"
"http://static.rada.gov.ua/dep_img5/nu72.jpg","","http://itd.rada.gov.ua/mps/info/expage/2340/6","Чубаров Рефат Абдурахманович","448","http://w1.c1.rada.gov.ua/pls/site2/fetch_mps?skl_id=6"
"http://static.rada.gov.ua/dep_img5/but105.jpg","","http://itd.rada.gov.ua/mps/info/expage/8881/6","Чудновський Віталій Олегович","449","http://w1.c1.rada.gov.ua/pls/site2/fetch_mps?skl_id=6"
"http://static.rada.gov.ua/dep_img5/spu26.jpg","","http://itd.rada.gov.ua/mps/info/expage/931/6","Чукмасов Сергій Олександрович","450","http://w1.c1.rada.gov.ua/pls/site2/fetch_mps?skl_id=6"
"http://static.rada.gov.ua/dep_img5/but94.jpg","","http://itd.rada.gov.ua/mps/info/expage/8713/6","Шаго Євген Петрович","451","http://w1.c1.rada.gov.ua/pls/site2/fetch_mps?skl_id=6"
"http://static.rada.gov.ua/dep_img5/but91.jpg","","http://itd.rada.gov.ua/mps/info/expage/8882/6","Шаманов Валерій Вікторович","452","http://w1.c1.rada.gov.ua/pls/site2/fetch_mps?skl_id=6"
"http://static.rada.gov.ua/dep_img5/but31.jpg","","http://itd.rada.gov.ua/mps/info/expage/8883/6","Швець Віктор Дмитрович","453","http://w1.c1.rada.gov.ua/pls/site2/fetch_mps?skl_id=6"
"http://static.rada.gov.ua/dep_img5/but5.jpg","","http://itd.rada.gov.ua/mps/info/expage/8884/6","Шевченко Андрій Віталійович","454","http://w1.c1.rada.gov.ua/pls/site2/fetch_mps?skl_id=6"
"http://static.rada.gov.ua/dep_img5/but21.jpg","","http://itd.rada.gov.ua/mps/info/expage/2265/6","Шевчук Сергій Володимирович","455","http://w1.c1.rada.gov.ua/pls/site2/fetch_mps?skl_id=6"
"http://static.rada.gov.ua/dep_img5/reg129.jpg","","http://itd.rada.gov.ua/mps/info/expage/8885/6","Шенцев Дмитро Олексійович","456","http://w1.c1.rada.gov.ua/pls/site2/fetch_mps?skl_id=6"
"http://static.rada.gov.ua/dep_img5/but55.jpg","","http://itd.rada.gov.ua/mps/info/expage/8714/6","Шепелев Олександр Олександрович","457","http://w1.c1.rada.gov.ua/pls/site2/fetch_mps?skl_id=6"
"http://static.rada.gov.ua/dep_img5/spu28.jpg","","http://itd.rada.gov.ua/mps/info/expage/943/6","Шибко Віталій Якович","458","http://w1.c1.rada.gov.ua/pls/site2/fetch_mps?skl_id=6"
"http://static.rada.gov.ua/dep_img5/but82.jpg","","http://itd.rada.gov.ua/mps/info/expage/8886/6","Шишкіна Зоя Леонідівна","459","http://w1.c1.rada.gov.ua/pls/site2/fetch_mps?skl_id=6"
"http://static.rada.gov.ua/dep_img5/but13.jpg","","http://itd.rada.gov.ua/mps/info/expage/5412/6","Шкіль Андрій Васильович","460","http://w1.c1.rada.gov.ua/pls/site2/fetch_mps?skl_id=6"
"http://static.rada.gov.ua/dep_img5/reg211.jpg","","http://itd.rada.gov.ua/mps/info/expage/10982/6","Шкіра Ігор Романович","461","http://w1.c1.rada.gov.ua/pls/site2/fetch_mps?skl_id=6"
"http://static.rada.gov.ua/dep_img5/reg38.jpg","","http://itd.rada.gov.ua/mps/info/expage/5399/6","Шкіря Ігор Миколайович","462","http://w1.c1.rada.gov.ua/pls/site2/fetch_mps?skl_id=6"
"http://static.rada.gov.ua/dep_img5/nu84.jpg","","http://itd.rada.gov.ua/mps/info/expage/5512/6","Шкляр Володимир Борисович","463","http://w1.c1.rada.gov.ua/pls/site2/fetch_mps?skl_id=6"
"http://static.rada.gov.ua/dep_img5/nu78.jpg","","http://itd.rada.gov.ua/mps/info/expage/8887/6","Шкрібляк Анатолій Васильович","464","http://w1.c1.rada.gov.ua/pls/site2/fetch_mps?skl_id=6"
"http://static.rada.gov.ua/dep_img5/nu80.jpg","","http://itd.rada.gov.ua/mps/info/expage/8888/6","Шкутяк Зіновій Васильович","465","http://w1.c1.rada.gov.ua/pls/site2/fetch_mps?skl_id=6"
"http://static.rada.gov.ua/dep_img5/but35.jpg","","http://itd.rada.gov.ua/mps/info/expage/8889/6","Шлемко Дмитро Васильович","466","http://w1.c1.rada.gov.ua/pls/site2/fetch_mps?skl_id=6"
"http://static.rada.gov.ua/dep_img5/nu34.jpg","","http://itd.rada.gov.ua/mps/info/expage/2322/6","Шпиг Федір Іванович","467","http://w1.c1.rada.gov.ua/pls/site2/fetch_mps?skl_id=6"
"http://static.rada.gov.ua/dep_img5/but132.jpg","","http://itd.rada.gov.ua/mps/info/expage/4148/6","Шустік Олена Юріївна","468","http://w1.c1.rada.gov.ua/pls/site2/fetch_mps?skl_id=6"
"http://static.rada.gov.ua/dep_img5/reg140.jpg","","http://itd.rada.gov.ua/mps/info/expage/8890/6","Щербань Артем Володимирович","469","http://w1.c1.rada.gov.ua/pls/site2/fetch_mps?skl_id=6"
"http://static.rada.gov.ua/dep_img5/nu40.jpg","","http://itd.rada.gov.ua/mps/info/expage/5496/6","Ющенко Петро Андрійович","470","http://w1.c1.rada.gov.ua/pls/site2/fetch_mps?skl_id=6"
"http://static.rada.gov.ua/dep_img5/but22.jpg","","http://itd.rada.gov.ua/mps/info/expage/394/6","Яворівський Володимир Олександрович","471","http://w1.c1.rada.gov.ua/pls/site2/fetch_mps?skl_id=6"
"http://static.rada.gov.ua/dep_img5/reg153.jpg","","http://itd.rada.gov.ua/mps/info/expage/8891/6","Ядуха Василь Степанович","472","http://w1.c1.rada.gov.ua/pls/site2/fetch_mps?skl_id=6"
"http://static.rada.gov.ua/dep_img5/reg199.jpg","","http://itd.rada.gov.ua/mps/info/expage/9785/6","Якименко Микола Євгенійович","473","http://w1.c1.rada.gov.ua/pls/site2/fetch_mps?skl_id=6"
"http://static.rada.gov.ua/dep_img5/nu62.jpg","","http://itd.rada.gov.ua/mps/info/expage/5635/6","Яковина Микола Михайлович","474","http://w1.c1.rada.gov.ua/pls/site2/fetch_mps?skl_id=6"
"http://static.rada.gov.ua/dep_img5/reg17.jpg","","http://itd.rada.gov.ua/mps/info/expage/2315/6","Янковський Микола Андрійович","475","http://w1.c1.rada.gov.ua/pls/site2/fetch_mps?skl_id=6"
"http://static.rada.gov.ua/dep_img5/reg90.jpg","","http://itd.rada.gov.ua/mps/info/expage/8892/6","Янукович Віктор Вікторович","476","http://w1.c1.rada.gov.ua/pls/site2/fetch_mps?skl_id=6"
"http://static.rada.gov.ua/dep_img5/reg1.jpg","","http://itd.rada.gov.ua/mps/info/expage/8893/6","Янукович Віктор Федорович","477","http://w1.c1.rada.gov.ua/pls/site2/fetch_mps?skl_id=6"
"http://static.rada.gov.ua/dep_img5/reg73.jpg","","http://itd.rada.gov.ua/mps/info/expage/6562/6","Ярощук Володимир Іванович","478","http://w1.c1.rada.gov.ua/pls/site2/fetch_mps?skl_id=6"
